customer_row,dest_in_date,plate,trip_amount_customer_2dp,downtime50_customer_2dp,downtime100_customer_2dp,blank50_customer_2dp,return_customer_2dp,candidate_system_row,unmatched_reason,confidence
1,2026-04-09,71-8001,7276.7,0.0,0.0,0.0,0.0,1,same_date_plate_ordinal_but_amount_mismatch,medium
2,2026-04-09,71-8001,7276.7,0.0,0.0,0.0,0.0,2,same_date_plate_ordinal_but_amount_mismatch,medium
3,2026-04-09,71-8002,7276.7,0.0,0.0,0.0,0.0,3,same_date_plate_ordinal_but_amount_mismatch,medium
4,2026-04-10,71-8001,7276.7,0.0,0.0,0.0,0.0,4,same_date_plate_ordinal_but_amount_mismatch,medium
5,2026-04-10,71-8001,7276.7,0.0,0.0,0.0,0.0,5,same_date_plate_ordinal_but_amount_mismatch,medium
6,2026-04-10,71-8002,7276.7,0.0,0.0,0.0,0.0,6,same_date_plate_ordinal_but_amount_mismatch,medium
7,2026-04-10,71-8002,7276.7,0.0,0.0,0.0,0.0,7,same_date_plate_ordinal_but_amount_mismatch,medium
8,2026-04-10,71-8003,7276.7,0.0,0.0,0.0,0.0,8,same_date_plate_ordinal_but_amount_mismatch,medium
9,2026-04-10,71-8684,7276.7,3638.35,0.0,0.0,0.0,9,same_date_plate_ordinal_but_amount_mismatch,medium
10,2026-04-11,71-5041,6849.8,3424.9,0.0,0.0,0.0,10,same_date_plate_ordinal_but_amount_mismatch,medium
11,2026-04-11,71-8001,6849.8,0.0,0.0,0.0,0.0,11,same_date_plate_ordinal_but_amount_mismatch,medium
12,2026-04-11,71-8002,6849.8,0.0,0.0,0.0,0.0,12,same_date_plate_ordinal_but_amount_mismatch,medium
13,2026-04-11,71-8003,6849.8,0.0,0.0,0.0,0.0,13,same_date_plate_ordinal_but_amount_mismatch,medium
14,2026-04-11,71-8683,6849.8,3424.9,0.0,0.0,0.0,14,same_date_plate_ordinal_but_amount_mismatch,medium
15,2026-04-12,71-5041,7280.0,3640.0,0.0,0.0,0.0,15,same_date_plate_ordinal_but_amount_mismatch,medium
17,2026-04-12,71-8001,7280.0,0.0,0.0,0.0,0.0,17,same_date_plate_ordinal_but_amount_mismatch,medium
18,2026-04-12,71-8002,7280.0,3640.0,0.0,0.0,0.0,18,same_date_plate_ordinal_but_amount_mismatch,medium
19,2026-04-12,71-8003,7280.0,3640.0,0.0,0.0,0.0,19,same_date_plate_ordinal_but_amount_mismatch,medium
47,2026-04-16,71-6802,6849.8,0.0,0.0,0.0,0.0,47,same_date_plate_ordinal_but_amount_mismatch,medium
48,2026-04-16,71-6802,6849.8,0.0,0.0,0.0,0.0,48,same_date_plate_ordinal_but_amount_mismatch,medium
49,2026-04-16,71-8681,6849.8,3424.9,0.0,0.0,0.0,49,same_date_plate_ordinal_but_amount_mismatch,medium
50,2026-04-16,71-8967,6849.8,0.0,0.0,0.0,0.0,50,same_date_plate_ordinal_but_amount_mismatch,medium
51,2026-04-16,71-9629,6849.8,3424.9,0.0,0.0,0.0,51,same_date_plate_ordinal_but_amount_mismatch,medium
52,2026-04-16,71-9629,6849.8,0.0,0.0,0.0,0.0,52,same_date_plate_ordinal_but_amount_mismatch,medium
53,2026-04-16,71-9629,6849.8,0.0,0.0,0.0,0.0,53,same_date_plate_ordinal_but_amount_mismatch,medium
54,2026-04-16,72-1217,6849.8,0.0,0.0,0.0,0.0,54,same_date_plate_ordinal_but_amount_mismatch,medium
55,2026-04-16,72-1217,6849.8,0.0,0.0,0.0,0.0,55,same_date_plate_ordinal_but_amount_mismatch,medium
56,2026-04-17,71-6802,6645.9,0.0,0.0,0.0,0.0,56,same_date_plate_ordinal_but_amount_mismatch,medium
57,2026-04-17,71-6802,6645.9,0.0,0.0,0.0,0.0,57,same_date_plate_ordinal_but_amount_mismatch,medium
58,2026-04-17,71-8681,6645.9,3322.95,0.0,0.0,0.0,58,same_date_plate_ordinal_but_amount_mismatch,medium
59,2026-04-17,71-8681,6645.9,0.0,0.0,0.0,0.0,59,same_date_plate_ordinal_but_amount_mismatch,medium
60,2026-04-17,71-8967,6645.9,0.0,0.0,0.0,0.0,60,same_date_plate_ordinal_but_amount_mismatch,medium
61,2026-04-17,71-8967,6645.9,0.0,0.0,0.0,0.0,61,same_date_plate_ordinal_but_amount_mismatch,medium
62,2026-04-17,71-9629,6645.9,0.0,0.0,0.0,0.0,62,same_date_plate_ordinal_but_amount_mismatch,medium
63,2026-04-17,71-9629,6645.9,0.0,0.0,0.0,0.0,63,same_date_plate_ordinal_but_amount_mismatch,medium
64,2026-04-17,72-1217,6645.9,0.0,0.0,0.0,0.0,64,same_date_plate_ordinal_but_amount_mismatch,medium
65,2026-04-17,72-1217,6645.9,0.0,0.0,0.0,0.0,65,same_date_plate_ordinal_but_amount_mismatch,medium
66,2026-04-18,71-6802,6645.9,0.0,0.0,0.0,0.0,66,same_date_plate_ordinal_but_amount_mismatch,medium
67,2026-04-18,71-8681,6645.9,0.0,0.0,0.0,0.0,67,same_date_plate_ordinal_but_amount_mismatch,medium
68,2026-04-18,71-8967,6645.9,0.0,0.0,0.0,0.0,68,same_date_plate_ordinal_but_amount_mismatch,medium
69,2026-04-19,71-6802,6645.9,0.0,0.0,0.0,0.0,69,same_date_plate_ordinal_but_amount_mismatch,medium
70,2026-04-19,71-8681,6645.9,3322.95,0.0,0.0,0.0,70,same_date_plate_ordinal_but_amount_mismatch,medium
71,2026-04-19,71-8967,6645.9,0.0,0.0,0.0,0.0,71,same_date_plate_ordinal_but_amount_mismatch,medium
72,2026-04-19,71-9629,6645.9,0.0,0.0,0.0,0.0,72,same_date_plate_ordinal_but_amount_mismatch,medium
73,2026-04-19,71-9629,6645.9,0.0,0.0,0.0,0.0,73,same_date_plate_ordinal_but_amount_mismatch,medium
74,2026-04-20,71-6802,6645.9,0.0,0.0,0.0,0.0,74,same_date_plate_ordinal_but_amount_mismatch,medium
75,2026-04-20,71-6802,6645.9,0.0,0.0,0.0,0.0,75,same_date_plate_ordinal_but_amount_mismatch,medium
76,2026-04-20,71-8681,6645.9,0.0,0.0,0.0,0.0,76,same_date_plate_ordinal_but_amount_mismatch,medium
77,2026-04-20,71-8967,6645.9,0.0,0.0,0.0,0.0,77,same_date_plate_ordinal_but_amount_mismatch,medium
78,2026-04-20,71-9629,6645.9,0.0,0.0,0.0,0.0,78,same_date_plate_ordinal_but_amount_mismatch,medium
79,2026-04-20,71-9629,6645.9,0.0,0.0,0.0,0.0,79,same_date_plate_ordinal_but_amount_mismatch,medium
80,2026-04-21,71-6802,6546.2,0.0,6546.2,0.0,0.0,80,same_date_plate_ordinal_but_amount_mismatch,medium
81,2026-04-21,71-8681,6546.2,0.0,6546.2,0.0,0.0,81,same_date_plate_ordinal_but_amount_mismatch,medium
82,2026-04-21,71-9629,6546.2,0.0,6546.2,0.0,0.0,82,same_date_plate_ordinal_but_amount_mismatch,medium
83,2026-04-21,72-1217,6546.2,3273.1,0.0,0.0,0.0,83,same_date_plate_ordinal_but_amount_mismatch,medium
84,2026-04-22,71-5042,6546.2,3273.1,0.0,0.0,0.0,84,same_date_plate_ordinal_but_amount_mismatch,medium
85,2026-04-22,71-5042,6546.2,0.0,0.0,0.0,0.0,85,same_date_plate_ordinal_but_amount_mismatch,medium
86,2026-04-22,71-6802,6546.2,3273.1,0.0,0.0,0.0,86,same_date_plate_ordinal_but_amount_mismatch,medium
87,2026-04-22,71-9629,6546.2,3273.1,0.0,0.0,0.0,87,same_date_plate_ordinal_but_amount_mismatch,medium
88,2026-04-22,72-1217,6546.2,3273.1,0.0,0.0,3273.1,88,same_date_plate_ordinal_but_amount_mismatch,medium
89,2026-04-23,71-8681,6546.2,3273.1,0.0,0.0,0.0,89,same_date_plate_ordinal_but_amount_mismatch,medium
90,2026-04-25,71-5042,6500.0,0.0,0.0,0.0,0.0,90,same_date_plate_ordinal_but_amount_mismatch,medium
