Activity_Date,Plate,Site,Matched_Cycle_h,Matched_Origin_Wait_h,Matched_Dest_Wait_h,Matched_Travel_h,Unmatched_Origin_h,Unmatched_Dest_h,Adjusted_Origin_Wait_h,Adjusted_Dest_Wait_h,Combined_h(AdjustedWait+Travel),Gap_vs_24_h
2026-05-01,71-5042,BigC,8.57,5.4,1.25,1.92,0,0,5.4,1.25,8.57,15.43
2026-05-02,71-5042,BigC,0,0,0,0,3.5,9.54,3.5,9.54,13.04,10.96
2026-05-02,72-1217,LCB,23.21,1.61,19.9,1.7,0,0,1.61,19.9,23.21,0.79
2026-05-03,71-5042,BigC,12.24,7.63,2.16,2.45,0,0,7.63,2.16,12.24,11.76
2026-05-03,71-6802,LCB,26.68,12.58,12.24,1.86,5.35,0,17.93,12.24,32.03,-8.03
2026-05-03,72-1218,LCB,26.65,18.52,6.08,2.05,0,0,18.52,6.08,26.65,-2.65
2026-05-04,71-5042,BigC,7.85,5.22,0.82,1.81,0,0,5.22,0.82,7.85,16.15
2026-05-04,71-6802,LCB,14.58,6.09,6.86,1.63,0,0,6.09,6.86,14.58,9.42
2026-05-04,72-1217,LCB,37.14,34.14,0.74,2.26,0,0,34.14,0.74,37.14,-13.14
2026-05-04,72-1218,LCB,22.68,18.54,0.94,3.21,0,0,18.54,0.94,22.68,1.32
2026-05-05,71-6802,LCB,22.03,7.02,11.51,3.49,0,0,7.02,11.51,22.03,1.97
2026-05-05,72-1217,LCB,35.65,22.42,9.83,3.4,0,0,22.42,9.83,35.65,-11.65
2026-05-05,72-1218,LCB,32.19,18.19,8.39,5.62,0,0,18.19,8.39,32.19,-8.19
2026-05-06,72-1217,LCB,15.89,8.24,3.12,4.53,0,0,8.24,3.12,15.89,8.11
2026-05-06,72-1218,LCB,14.37,5.73,3.7,4.94,0,0,5.73,3.7,14.37,9.63
2026-05-07,71-8009,BigC,19.22,7.04,10.08,2.11,0,0,7.04,10.08,19.22,4.78
2026-05-07,72-1217,LCB,14.11,7.61,4.73,1.77,0,0,7.61,4.73,14.11,9.89
2026-05-07,72-1218,LCB,18.8,7.61,8.57,2.62,0,0,7.61,8.57,18.8,5.2
2026-05-08,71-5041,BigC,30.03,8.9,18.47,2.67,0,0,8.9,18.47,30.03,-6.03
2026-05-08,71-8009,BigC,15,5.78,6.55,2.68,0,0,5.78,6.55,15,9
2026-05-08,72-1217,LCB,22.04,11.33,6.72,4,0,0,11.33,6.72,22.04,1.96
2026-05-08,72-1218,LCB,7.29,2.63,2.38,2.28,0,0,2.63,2.38,7.29,16.71
2026-05-09,71-5041,BigC,27.75,14.11,6.33,7.31,0,0,14.11,6.33,27.75,-3.75
2026-05-09,71-8009,BigC,19.15,14.59,2.46,2.09,0,0,14.59,2.46,19.15,4.85
2026-05-09,72-1217,LCB,24.51,7.61,12.94,3.96,0,0,7.61,12.94,24.51,-0.51
2026-05-09,72-1218,LCB,26.64,16.99,5.5,4.16,0,0,16.99,5.5,26.64,-2.64
2026-05-10,71-5041,BigC,13.67,10.38,1.29,2,0,0,10.38,1.29,13.67,10.33
2026-05-10,71-8009,BigC,16.65,12.52,2.07,2.06,0,0,12.52,2.07,16.65,7.35
2026-05-10,72-1217,LCB,19.38,15.37,1.41,2.59,0.52,0,15.89,1.41,19.9,4.1
2026-05-11,71-5041,BigC,6.38,2.04,2.32,2.02,0,0,2.04,2.32,6.38,17.62
2026-05-11,71-8009,BigC,17.85,8.26,5.43,4.17,0,0,8.26,5.43,17.85,6.15
2026-05-11,71-8683,LCB,0,0,0,0,0,1.49,0,1.49,1.49,22.51
2026-05-11,72-1217,LCB,16.45,4.25,10.67,1.53,0,0,4.25,10.67,16.45,7.55
2026-05-12,71-5041,BigC,23.9,13.83,4.16,5.92,0,0,13.83,4.16,23.9,0.1
2026-05-12,71-8009,BigC,29.74,21.91,4.07,3.76,0,0,21.91,4.07,29.74,-5.74
2026-05-12,72-1217,LCB,22.21,14.16,4.87,3.18,0,0,14.16,4.87,22.21,1.79
2026-05-13,71-5041,BigC,8.96,4.26,2.45,2.26,0,0,4.26,2.45,8.96,15.04
2026-05-13,71-8002,BigC,0,0,0,0,0,0.37,0,0.37,0.37,23.63
2026-05-13,71-8009,BigC,9.66,6.21,1.6,1.85,0,0,6.21,1.6,9.66,14.34
2026-05-13,72-1217,LCB,19.71,12.69,3.78,3.23,0,0,12.69,3.78,19.71,4.29
2026-05-14,71-5041,BigC,20.16,5.72,4.45,10,0,0,5.72,4.45,20.16,3.84
2026-05-14,71-8002,BigC,26.48,9.2,13.45,3.84,0,0,9.2,13.45,26.48,-2.48
2026-05-14,71-8009,BigC,12.93,6.21,4.8,1.92,0,0,6.21,4.8,12.93,11.07
2026-05-14,72-1217,LCB,22.85,13.39,5.66,3.8,0,0,13.39,5.66,22.85,1.15
2026-05-15,71-5041,BigC,21.67,6.68,13.43,1.57,0,0,6.68,13.43,21.67,2.33
2026-05-15,71-8002,BigC,15.1,4.35,6.98,3.77,0,0,4.35,6.98,15.1,8.9
2026-05-15,71-8009,BigC,24.81,2.76,19.43,2.62,0,0,2.76,19.43,24.81,-0.81
2026-05-15,72-1217,LCB,13.83,10.75,1.23,1.86,0,0,10.75,1.23,13.83,10.17
2026-05-16,71-8002,BigC,25.37,13.71,8.08,3.58,0,0,13.71,8.08,25.37,-1.37
2026-05-16,72-1217,LCB,28.07,19.07,4.98,4.01,0,0,19.07,4.98,28.07,-4.07
2026-05-17,71-8002,BigC,11.28,5.02,1.57,4.69,0,0,5.02,1.57,11.28,12.72
2026-05-17,71-8005,BigC,6.74,4.28,0.64,1.82,0,0.72,4.28,1.36,7.46,16.54
2026-05-17,72-1217,LCB,8.98,6.37,1.05,1.56,0,0,6.37,1.05,8.98,15.02
2026-05-18,71-8002,BigC,11.17,3.44,5.1,2.63,0,0,3.44,5.1,11.17,12.83
2026-05-18,71-8005,BigC,31.78,23.53,4.82,3.43,0,0,23.53,4.82,31.78,-7.78
2026-05-18,71-8009,BigC,13.24,8.58,2.57,2.09,0,0,8.58,2.57,13.24,10.76
2026-05-18,72-1217,LCB,18.4,7.6,6.93,3.87,0,0,7.6,6.93,18.4,5.6
2026-05-19,71-5042,BigC,0,0,0,0,0,1.6,0,1.6,1.6,22.4
2026-05-19,71-8001,BigC,6.93,0.27,0.05,6.61,2.87,19.47,3.14,19.52,29.27,-5.27
2026-05-19,71-8002,BigC,27.41,11.36,11.35,4.7,0,0,11.36,11.35,27.41,-3.41
2026-05-19,71-8005,BigC,13.31,7.37,4.29,1.65,0,0,7.37,4.29,13.31,10.69
2026-05-19,71-8009,BigC,19.97,11.82,6.15,1.99,0,0,11.82,6.15,19.97,4.03
2026-05-19,72-1217,LCB,26.52,13.27,8.78,4.47,0,0,13.27,8.78,26.52,-2.52
2026-05-20,71-8001,BigC,8.92,3.05,3.87,2,0,0.03,3.05,3.89,8.94,15.06
2026-05-20,71-8002,BigC,16.04,6.71,4.76,4.57,0,0,6.71,4.76,16.04,7.96
2026-05-20,71-8005,BigC,19.69,6.27,11.78,1.64,0,0,6.27,11.78,19.69,4.31
2026-05-20,71-8009,BigC,23.92,5.86,15.77,2.29,0,0,5.86,15.77,23.92,0.08
2026-05-20,72-1217,LCB,22.61,5.66,15.29,1.66,0,0,5.66,15.29,22.61,1.39
2026-05-21,71-8001,BigC,15.12,5.1,5.37,4.65,0,0,5.1,5.37,15.12,8.88
2026-05-21,71-8002,BigC,12.64,7.8,1.6,3.24,0,0,7.8,1.6,12.64,11.36
2026-05-21,71-8005,BigC,14.6,6,5.66,2.95,0,0,6,5.66,14.6,9.4
2026-05-21,71-8009,BigC,18.89,3.62,13.17,2.1,0,0,3.62,13.17,18.89,5.11
2026-05-21,72-1217,LCB,27.06,19.86,4.79,2.41,0,0,19.86,4.79,27.06,-3.06
2026-05-22,71-8001,BigC,9.39,1.89,2.48,5.01,0,0,1.89,2.48,9.39,14.61
2026-05-22,71-8002,BigC,9.8,4.13,3.19,2.48,0,0.51,4.13,3.69,10.31,13.69
2026-05-22,71-8005,BigC,12.64,3.69,6.64,2.31,9.16,0,12.85,6.64,21.8,2.2
2026-05-22,71-8009,BigC,26.63,8.47,13.89,4.27,0,0,8.47,13.89,26.63,-2.63
2026-05-22,72-1217,LCB,12.77,1.8,9.25,1.73,0,0,1.8,9.25,12.77,11.23
2026-05-23,71-8001,BigC,26.03,8.71,13.29,4.03,0,0,8.71,13.29,26.03,-2.03
2026-05-23,71-8002,BigC,15.77,3.53,10.61,1.64,0,0,3.53,10.61,15.77,8.23
2026-05-23,71-8005,BigC,4.69,0.13,2.81,1.75,7,0,7.13,2.81,11.7,12.3
2026-05-23,71-8009,BigC,14.2,5.16,7.37,1.67,0,0,5.16,7.37,14.2,9.8
2026-05-23,72-1217,LCB,21.53,10.4,8.52,2.61,0,0,10.4,8.52,21.53,2.47
2026-05-24,71-8001,BigC,10.65,5.46,3.53,1.66,0,0,5.46,3.53,10.65,13.35
2026-05-24,71-8002,BigC,19.98,11.59,4.56,3.84,0,1.12,11.59,5.68,21.1,2.9
2026-05-24,71-8005,BigC,7.56,3.95,0.89,2.73,0,0,3.95,0.89,7.56,16.44
2026-05-24,71-8009,BigC,22.16,13.02,5.4,3.74,0,0,13.02,5.4,22.16,1.84
2026-05-24,72-1217,LCB,25.17,11.43,10.48,3.26,0,0,11.43,10.48,25.17,-1.17
2026-05-25,71-8002,BigC,13.45,3.04,7.73,2.68,0,0,3.04,7.73,13.45,10.55
2026-05-25,71-8005,BigC,13.4,1.31,8.49,3.6,0,0,1.31,8.49,13.4,10.6
2026-05-25,71-8009,BigC,21.35,5.45,8.72,7.18,0,0,5.45,8.72,21.35,2.65
2026-05-25,72-1217,LCB,31.63,5.08,13.47,13.07,0,0,5.08,13.47,31.63,-7.63
2026-05-26,71-8002,BigC,23.21,11.32,10.1,1.8,0,0,11.32,10.1,23.21,0.79
2026-05-26,71-8005,BigC,13.43,2.56,9,1.87,0,0,2.56,9,13.43,10.57
2026-05-26,71-8009,BigC,10.37,1.89,6.57,1.91,0,0,1.89,6.57,10.37,13.63
2026-05-27,71-8002,BigC,21.15,8.3,11.19,1.66,0,0,8.3,11.19,21.15,2.85
2026-05-27,71-8003,BigC,17.76,10.02,5.61,2.13,0,0,10.02,5.61,17.76,6.24
2026-05-27,71-8009,BigC,38.11,4.4,32.02,1.69,0,0,4.4,32.02,38.11,-14.11
2026-05-27,72-1217,LCB,32.1,2.97,27.39,1.74,0,0,2.97,27.39,32.1,-8.1
2026-05-28,71-5041,BigC,0,0,0,0,0,3.15,0,3.15,3.15,20.85
2026-05-28,71-8001,BigC,31.74,19.06,10.8,1.89,0,0,19.06,10.8,31.74,-7.74
2026-05-28,71-8002,BigC,19.5,5.69,10.31,3.5,0,0,5.69,10.31,19.5,4.5
2026-05-28,71-8003,BigC,21.49,7.63,9.29,4.57,0,0,7.63,9.29,21.49,2.51
2026-05-28,71-8009,BigC,18.85,3.68,1.56,13.61,0,0,3.68,1.56,18.85,5.15
2026-05-28,72-1217,LCB,16.5,3.28,11.61,1.61,0,0,3.28,11.61,16.5,7.5
2026-05-29,71-5042,BigC,18.35,5.44,8.95,3.96,0,0,5.44,8.95,18.35,5.65
2026-05-29,71-8002,BigC,18.22,7.66,7.12,3.44,0,0,7.66,7.12,18.22,5.78
2026-05-29,71-8003,BigC,21.08,8.5,8.01,4.57,0,0,8.5,8.01,21.08,2.92
2026-05-29,71-8009,BigC,19.32,12.75,2.68,3.9,0,0,12.75,2.68,19.32,4.68
2026-05-29,72-1217,LCB,17.35,7.33,8.38,1.63,0,0,7.33,8.38,17.35,6.65
2026-05-30,71-5042,BigC,11.92,3.66,6.14,2.13,0,0,3.66,6.14,11.92,12.08
2026-05-30,71-8002,BigC,23.52,4.75,7.66,11.11,0,0,4.75,7.66,23.52,0.48
2026-05-30,71-8003,BigC,11.07,6.13,3.05,1.89,0.53,0,6.65,3.05,11.6,12.4
2026-05-30,71-8009,BigC,15.05,6.97,5.11,2.97,0,0,6.97,5.11,15.05,8.95
2026-05-30,72-1217,LCB,32.17,9.98,18.74,3.44,0,0,9.98,18.74,32.17,-8.17
2026-05-31,71-5042,BigC,20.31,12.79,3.44,4.07,0,0,12.79,3.44,20.31,3.69
2026-05-31,71-8002,BigC,9.97,5.63,2.79,1.55,13.11,0,18.73,2.79,23.07,0.93
2026-05-31,71-8003,BigC,0,0,0,0,0.61,0,0.61,0,0.61,23.39
2026-05-31,71-8009,BigC,15.44,12.56,1.08,1.79,0,0,12.56,1.08,15.44,8.56
2026-05-31,72-1217,LCB,3.77,1.38,0.6,1.8,5.35,0,6.72,0.6,9.12,14.88
