site,month,customer,destination,rows
AYU,2026-06,?,?,231
AYU,2026-06,Oatside,P&G,121
AYU,2026-05,?,?,59
BIGC,2026-04,?,ส่งงานต่อเนื่อง,53
BIGC,2026-05,?,?,53
BIGC,2026-05,?,ค่าเสียเวลา,34
BIGC,2026-04,?,รองาน,32
BIGC,2026-05,?,ส่งงานต่อเนื่อง,27
BIGC,2026-04,?,?,23
BIGC,2026-05,?,Ratchaburi,13
BIGC,2026-05,?,รองาน,13
BIGC,2026-05,?,DKSH บางปะอิน,13
BIGC,2026-05,?,ซ่อม,11
BIGC,2026-04,?,Ratchaburi,10
BIGC,2026-05,?,Kanchanaburi,10
BIGC,2026-04,?,Petchburi,9
BIGC,2026-05,?,BH บ้านบึง,8
BIGC,2026-04,?,Pisanulok,7
BIGC,2026-04,?,Samutsongkhram,7
BIGC,2026-05,?,รถซ่อม,7
AYU,2026-06,Conti,RDC บางพลี,7
AYU,2026-06,ABF,DKSH บางปะอิน,7
BIGC,2026-04,?,Sakaeo,6
BIGC,2026-04,?,"Bowin , Rayong",5
BIGC,2026-05,?,Sattahip,5
BIGC,2026-05,?,Extra_Pattaya 3,5
BIGC,2026-04,?,BMK_Chum Phuang,4
BIGC,2026-04,?,Sattahip,4
BIGC,2026-04,?,Lopburi,4
BIGC,2026-05,?,Samutsongkhram,4
BIGC,2026-05,?,Kimberly,4
BIGC,2026-05,?,เข้าอู่,4
BIGC,2026-05,?,ไม่มีใบงาน,4
BIGC,2026-04,?,แอลจี,3
BIGC,2026-04,?,Kanchanaburi,3
BIGC,2026-04,?,Extra_Chonburi 2,3
BIGC,2026-04,?,Big C Dankhuntod,3
BIGC,2026-04,?,Sukhothai,3
BIGC,2026-04,?,ค่าเสียเวลา,3
BIGC,2026-05,?,BMK_Lomsak,3
BIGC,2026-05,?,พาเลทส่งปากช่อง,3
BIGC,2026-05,?,Sakaeo,3
BIGC,2026-05,?,ซ่อม เกียร์,3
AYU,2026-06,Wonder,บิ๊กซีธัญญะ,3
AYU,2026-06,ABF,วังน้ำเย็น,3
AYU,2026-06,Oatside,บ้านบึง,3
BIGC,2026-04,?,เริ่มทำงาน 04/04/26,2
BIGC,2026-04,?,Chonburi,2
BIGC,2026-04,?,CP วังน้อย CDC,2
BIGC,2026-04,?,ส่งP&G   TO-OTL09679,2
BIGC,2026-04,?,BMK_Lomsak,2
BIGC,2026-04,?,"Pakchong , Nakhon Ratchasima",2
BIGC,2026-04,?,เข้าอู่,2
BIGC,2026-04,?,Korat 2,2
BIGC,2026-04,?,Nong Bua,2
BIGC,2026-04,?,Chaiyaphum,2
BIGC,2026-04,?,Tak,2
BIGC,2026-05,?,เริ่มทำงาน 04/04/26,2
BIGC,2026-05,?,Extra_Chonburi 2,2
BIGC,2026-05,?,"Bowin , Rayong",2
BIGC,2026-05,?,LG,2
BIGC,2026-05,?,Aranyaprathet,2
BIGC,2026-05,?,Lopburi,2
BIGC,2026-05,?,BMK_Sawankhalok,2
BIGC,2026-05,?,DVบ้านบึง,2
BIGC,2026-05,?,ลากหางบิ๊กซีกลับ,2
BIGC,2026-05,?,Borwin,2
AYU,2026-06,Wonder,เซเว่นลาดกระบัง,2
AYU,2026-06,ABF,ปากช่อง,2
AYU,2026-06,?,ลา,2
BIGC,2026-04,?,เริ่มทำงาน 16 / 7 / 21,1
BIGC,2026-04,?,เริ่มทำงาน07/02/25 ออก24/2/26กลับมา 3/3,1
BIGC,2026-04,?,เริ่มทำงาน 30/11/2022,1
BIGC,2026-04,?,เริ่มทำงาน 23/1/2023,1
BIGC,2026-04,?,เริ่มทำงาน 27/8/2024,1
BIGC,2026-04,?,เริ่มทำงาน1/8 /2024,1
BIGC,2026-04,?,เริ่มทำงาน29/3/26 ออก06/04/26,1
BIGC,2026-04,?,รองาน31/3  16.30-09.10,1
BIGC,2026-04,?,รองาน31/3  19.10-10.20,1
BIGC,2026-04,?,ศรีราชา,1
BIGC,2026-04,?,รองาน21.40-3/4 13.00,1
BIGC,2026-04,?,รองาน 1/4 19.40-22.00,1
BIGC,2026-04,?,พัทยาเหนือ,1
BIGC,2026-04,?,อีเลคโทรลักซ์,1
BIGC,2026-04,?,ติดรถดูงาน,1
BIGC,2026-04,?,รองาน 3/4 19.35-08.55,1
BIGC,2026-04,?,Chachoengsao 2,1
BIGC,2026-04,?,รองาน4/4 15.30-15.40,1
BIGC,2026-04,?,รองาน15.55-7/4  16.45,1
BIGC,2026-04,?,รองาน 02.00-6/4 04.40,1
BIGC,2026-04,?,รองาน 4/4 19.00-08.20,1
BIGC,2026-04,?,รองาน08.00- 7/4  08.00,1
BIGC,2026-04,?,Hub Ubonratchthani,1
BIGC,2026-04,?,Chantaburi,1
BIGC,2026-04,?,ส่งP&G   TO-OTL09650,1
BIGC,2026-04,?,ส่งP&G   TO-OTL09673,1
BIGC,2026-04,?,ส่งP&G   TO-OTL09655,1
BIGC,2026-04,?,ไม่มีวิ่ง,1
BIGC,2026-04,?,ค่าเสียเวลา 21.30-11/4 13.40,1
BIGC,2026-04,?,Aranyaprathet,1
BIGC,2026-04,?,ส่งP&G   TO-OTL09707,1
BIGC,2026-04,?,ส่งP&G   TO-OTL09741,1
BIGC,2026-04,?,ส่งP&G   TO-OTL09715,1
BIGC,2026-04,?,ส่งP&G   TO-OTL09788,1
BIGC,2026-04,?,BMK_Phu Wiang,1
BIGC,2026-04,?,ส่งP&G   TO-OTL09791,1
BIGC,2026-04,?,ส่งP&G   TO-OTL09768,1
BIGC,2026-04,?,ส่งP&G   TO-OTL09748,1
BIGC,2026-04,?,ส่งP&G   TO-OTL09818,1
BIGC,2026-04,?,ส่งP&G   TO-OTL09863,1
BIGC,2026-04,?,ส่งP&G   TO-OTL09821,1
BIGC,2026-04,?,ส่งP&G   TO-OTL09830,1
BIGC,2026-04,?,ส่งP&G   TO-OTL09799,1
BIGC,2026-04,?,ส่งP&G   TO-OTL09899,1
BIGC,2026-04,?,ส่งP&G   TO-OTL09941,1
BIGC,2026-04,?,Wangnamyen (Sakaeo),1
BIGC,2026-04,?,BMK_Non Sung,1
BIGC,2026-04,?,Banpong,1
BIGC,2026-04,?,Ban Bueng,1
BIGC,2026-04,?,BMK_Sikhio,1
BIGC,2026-04,?,ส่งP&G   TO-OTL10470,1
BIGC,2026-04,?,ส่งP&G   TO-OTL10503,1
BIGC,2026-04,?,"Pak Thong Chai , Nakhon Ratchasima",1
BIGC,2026-04,?,Extra_Pattaya 3,1
BIGC,2026-04,?,Kamphaengphet,1
BIGC,2026-04,?,คอลเกต,1
BIGC,2026-04,?,ส่งP&G   TO-OTL10675,1
BIGC,2026-04,?,ส่งP&G   TO-OTL10694,1
BIGC,2026-04,?,ส่งP&G   TO-OTL10711,1
BIGC,2026-04,?,Suphanburi,1
BIGC,2026-04,?,BMK_Sawankhalok,1
BIGC,2026-04,?,รถซ่อม,1
BIGC,2026-04,?,ส่งP&G   TO-OTL10786,1
BIGC,2026-04,?,ThaiBev,1
BIGC,2026-04,?,Phetchabun,1
BIGC,2026-05,?,เริ่มทำงาน 16 / 7 / 21,1
BIGC,2026-05,?,เริ่มทำงาน07/02/25 ออก24/2/26กลับมา 3/3,1
BIGC,2026-05,?,เริ่มทำงาน 30/11/2022 ออก7/5/26,1
BIGC,2026-05,?,เริ่มทำงาน 23/1/2023,1
BIGC,2026-05,?,เริ่มทำงาน 27/8/2024 ออก 7/5/26,1
BIGC,2026-05,?,เริ่มทำงาน 11/05/26,1
BIGC,2026-05,?,เริ่มทำงาน 22/05/26,1
BIGC,2026-05,?,เริ่มทำงาน1/8 /2024,1
BIGC,2026-05,?,เริ่มทำงาน 04/05/26,1
BIGC,2026-05,?,ส่งP&G   TO-OTL10880,1
BIGC,2026-05,?,BMK_Chum Phuang,1
BIGC,2026-05,?,เอารถ71-8003 ไปให้มานพ,1
BIGC,2026-05,?,ส่งP&G   TO-OTL10988,1
BIGC,2026-05,?,Pisanulok,1
BIGC,2026-05,?,ส่งP&G   TO-OTL11062,1
BIGC,2026-05,?,ส่งP&G   TO-OTL11282,1
BIGC,2026-05,?,ส่งP&G   TO-OTL11270,1
BIGC,2026-05,?,ส่งP&G   TO-OTL11322,1
BIGC,2026-05,?,ส่งP&G   TO-OTL11375,1
BIGC,2026-05,?,ส่งP&G   TO-OTL11398,1
BIGC,2026-05,?,ส่งP&G   TO-OTL11421,1
BIGC,2026-05,?,ส่งP&G   TO-OTL11473,1
BIGC,2026-05,?,ส่งP&G   20100050,1
BIGC,2026-05,?,ส่งP&G   TO-OTL11512,1
BIGC,2026-05,?,ส่งP&G   TO-OTL11498,1
BIGC,2026-05,?,ส่งP&G   TO-OTL11513,1
BIGC,2026-05,?,ส่งP&G   TO-OTL11555,1
BIGC,2026-05,?,ส่งP&G   TO-OTL11591,1
BIGC,2026-05,?,ส่งP&G   TO-OTL11578,1
BIGC,2026-05,?,ส่งP&G   TO-OTL11600,1
BIGC,2026-05,?,ส่งP&G   TO-OTL11636,1
BIGC,2026-05,?,ส่งP&G   TO-OTL11688,1
BIGC,2026-05,?,"Pak Thong Chai , Nakhon Ratchasima",1
BIGC,2026-05,?,ส่งP&G   TO-OTL11644,1
BIGC,2026-05,?,ส่งP&G   TO-OTL11780,1
BIGC,2026-05,?,ส่งP&G   TO-OTL11703,1
BIGC,2026-05,?,ส่งP&G   TO-OTL11746,1
BIGC,2026-05,?,ส่งP&G   TO-OTL11695,1
BIGC,2026-05,?,ส่งP&G   TO-OTL11733,1
BIGC,2026-05,?,Wichianburi,1
BIGC,2026-05,?,ส่งP&G   TO-OTL11777,1
BIGC,2026-05,?,ส่งP&G   TO-OTL11827,1
BIGC,2026-05,?,ส่งP&G   TO-OTL11871,1
BIGC,2026-05,?,ส่งP&G   TO-OTL11926,1
BIGC,2026-05,?,ThaiBev,1
BIGC,2026-05,?,ส่งP&G   TO-OTL11956,1
BIGC,2026-05,?,ส่งP&G   TO-OTL11974,1
BIGC,2026-05,?,ส่งP&G   TO-OTL11960,1
BIGC,2026-05,?,ส่งP&G   TO-OTL12004,1
BIGC,2026-05,?,ส่งP&G   TO-OTL12063,1
BIGC,2026-05,?,ส่งP&G   TO-OTL11989,1
BIGC,2026-05,?,ส่งP&G   TO-OTL12044,1
BIGC,2026-05,?,ส่งP&G   TO-OTL12001,1
BIGC,2026-05,?,ส่งP&G   TO-OTL12065,1
BIGC,2026-05,?,Lat Yao,1
BIGC,2026-05,?,ส่งP&G   TO-OTL12091,1
BIGC,2026-05,?,ส่งP&G   TO-OTL12103,1
BIGC,2026-05,?,ส่งP&G   TO-OTL12144,1
BIGC,2026-05,?,ส่งP&G   TO-OTL112094,1
BIGC,2026-05,?,ส่งP&G   TO-OTL12118,1
BIGC,2026-05,?,ส่งP&G   TO-OTL12195,1
BIGC,2026-05,?,ส่งP&G   TO-OTL112141 / 135,1
BIGC,2026-05,?,ส่งP&G   TO-OTL12196,1
BIGC,2026-05,?,ขึนงานบางใหญ่,1
BIGC,2026-05,?,ส่งP&G   TO-OTL12199,1
BIGC,2026-05,?,ส่งP&G   TO-OTL12267,1
BIGC,2026-05,?,ปากช่อง,1
BIGC,2026-05,?,ส่งP&G   TO-OTL12281,1
BIGC,2026-05,?,ส่งP&G   TO-OTL112374,1
BIGC,2026-05,?,ส่งP&G   TO-OTL12352,1
BIGC,2026-05,?,ส่งP&G   TO-OTL112316,1
BIGC,2026-05,?,ส่งP&G   TO-OTL12349,1
BIGC,2026-05,?,ส่งP&G   TO-OTL12400,1
BIGC,2026-05,?,ส่งP&G   TO-OTL112455,1
BIGC,2026-05,?,ส่งP&G   TO-OTL12392,1
BIGC,2026-05,?,ส่งP&G   TO-OTL12463,1
BIGC,2026-05,?,Pattaya South,1
BIGC,2026-05,?,ส่งP&G   TO-OTL112482,1
BIGC,2026-05,?,ส่งP&G   TO-OTL12479,1
BIGC,2026-05,?,ส่งP&G   TO-OTL12516,1
BIGC,2026-05,?,มานพ ส่งงานแทน,1
BIGC,2026-05,?,ส่งP&G   TO-OTL112497,1
BIGC,2026-05,?,ส่งP&G   TO-OTL12509,1
BIGC,2026-05,?,ส่งP&G   TO-OTL12546,1
BIGC,2026-05,?,ส่งP&G   TO-OTL12558,1
BIGC,2026-05,?,BMK _ Tharue Kanchanaburi,1
BIGC,2026-05,?,ส่งP&G   ไม่ได้ถ่ายหน้าที่มีเลข,1
BIGC,2026-05,?,ส่งP&G   TO-OTL12604,1
BIGC,2026-05,?,Banpong,1
BIGC,2026-05,?,ปากซ่อง,1
BIGC,2026-05,?,ส่งP&G   TO-OTL12610,1
BIGC,2026-05,?,ส่งP&G   TO-OTL112615,1
BIGC,2026-05,?,ส่งP&G   TO-OTL12629,1
BIGC,2026-05,?,ส่งP&G   TO-OTL12668,1
BIGC,2026-05,?,ส่งP&G   TO-OTL12733,1
BIGC,2026-05,?,ส่งP&G   TO-OTL12673,1
BIGC,2026-05,?,ส่งP&G   ไม่ได้ถ่ายหน้ามีเลข,1
BIGC,2026-05,?,ส่งP&G   TO-OTL12774/775,1
BIGC,2026-05,?,ส่งP&G   TO-OTL12787,1
BIGC,2026-05,?,ส่งP&G   TO-OTL12829,1
BIGC,2026-05,?,ส่งP&G   TO-OTL12781,1
BIGC,2026-05,?,ส่งP&G   TO-OTL12836,1
BIGC,2026-05,?,ส่งP&G   TO-OTL12895,1
BIGC,2026-05,?,ส่งP&G   TO-OTL12862,1
BIGC,2026-05,?,ส่งP&G   TO-OTL12902,1
BIGC,2026-05,?,ส่งP&G   TO-OTL12834,1
BIGC,2026-05,?,ส่งP&G   TO-OTL12880,1
BIGC,2026-05,?,ส่งP&G   TO-OTL12855,1
BIGC,2026-05,?,ส่งP&G   TO-OTL12881,1
BIGC,2026-05,?,ส่งP&G   TO-OTL12954,1
BIGC,2026-05,?,ส่งP&G   TO-OTL12957,1
BIGC,2026-05,?,ส่งP&G   TO-OTL12931,1
BIGC,2026-05,?,Unilever (Chachoengsao),1
BIGC,2026-05,?,ส่งP&G   TO-OTL12916,1
BIGC,2026-05,?,ส่งP&G   TO-OTL13002,1
BIGC,2026-05,?,ส่งP&G   TO-OTL13047,1
BIGC,2026-05,?,ส่งP&G   TO-OTL13013,1
BIGC,2026-05,?,ส่งP&G   TO-OTL13038,1
AYU,2026-06,Oatside,รอลง คิค่าเสียเวลา 1วัน,1
AYU,2026-06,Oatside,บ้านบึง 10เลท,1
AYU,2026-06,HomePro,ยายสาขาจากS085ไปS104 2เที่ยว / จากS104ไปS085 2เที่ยว,1
AYU,2026-06,?,ส่งงานจบช่วงเช้า,1
AYU,2026-06,Wonder,ฮับนครสวรรค์,1
AYU,2026-06,HomePro,พาราไดซ์,1
AYU,2026-06,HomePro,บ.เดอะซิกเนเจอร์,1
AYU,2026-06,HomePro,บ.เจซีพี-ไมครอน,1
AYU,2026-06,ABF,ค่าตีเปล่ากลับจากวังน้ำย็น,1
AYU,2026-06,HomePro,บ.พานาโซนิค โซลูชั่นส์,1
AYU,2026-06,HomePro,รังสิตฟิวเจอร์ปาร์ค+พ่วงS039,1
