Trip_Date,Origin_Date,Dest_Date,Site,Plate,Device,Origin_Row,Dest_Row,Origin_In,Origin_Out,Origin_Wait_h,Dest_In,Dest_Out,Travel_h(OriginOut->DestIn),Dest_Wait_h,Dest_Wait_customer_h,Customer_idle_clip_h,Total_Cycle_h,Total_Cycle_customer_h,Travel_Flag,Billable_Trip,Trip_rate_baht,Downtime_50_baht,Downtime_100_baht,Nw_outbound50_baht,Return_manual_baht
2026-07-01 00:00:00,2026-07-01 00:00:00,2026-07-01 00:00:00,BigC,71-8001,71-8001 มานพ หัวลาก10W,1.1,3.1,2026-07-01 00:00:11,2026-07-01 00:08:45,0.14,2026-07-01 02:19:22,2026-07-01 04:32:04,2.18,2.21,2.21,0,4.53,4.53,,1,6976.00,0.00,0.00,0.00,0.00
2026-07-01 00:00:00,2026-07-01 00:00:00,2026-07-01 00:00:00,BigC,71-8001,71-8001 มานพ หัวลาก10W,1.2,3.2,2026-07-01 08:29:13,2026-07-01 17:04:30,8.59,2026-07-01 19:16:43,2026-07-01 21:40:05,2.2,2.39,2.39,0,13.18,13.18,,1,6976.00,0.00,0.00,0.00,0.00
2026-07-01 00:00:00,2026-07-01 00:00:00,2026-07-01 00:00:00,BigC,71-8002,71-8002 สมประสงค์ หัวลาก10W,3.1,4.1,2026-07-01 01:24:52,2026-07-01 02:22:33,0.96,2026-07-01 04:42:40,2026-07-01 09:10:48,2.34,4.47,4.47,0,7.77,7.77,,1,6976.00,0.00,0.00,0.00,0.00
2026-07-01 00:00:00,2026-07-01 00:00:00,2026-07-01 00:00:00,BigC,71-8002,71-8002 สมประสงค์ หัวลาก10W,3.2,4.2,2026-07-01 10:56:52,2026-07-01 17:44:46,6.8,2026-07-01 19:31:45,2026-07-01 21:51:48,1.78,2.33,2.33,0,10.92,10.92,,1,6976.00,0.00,0.00,0.00,0.00
2026-07-01 00:00:00,2026-07-01 00:00:00,2026-07-01 00:00:00,BigC,71-8003,71-8003 สมหมาย หัวลาก10W,4.1,2.2,2026-07-01 05:09:18,2026-07-01 08:31:37,3.37,2026-07-01 10:11:40,2026-07-02 03:50:13,1.67,17.64,17.64,0,22.68,22.68,,1,6976.00,0.00,0.00,0.00,3488.00
2026-07-01 00:00:00,2026-07-01 00:00:00,2026-07-01 00:00:00,BigC,71-8009,71-8009 วันชัย หัวลาก10W,2.1,5.1,2026-07-01 01:17:11,2026-07-01 06:41:06,5.4,2026-07-01 10:07:41,2026-07-01 14:18:07,3.44,4.17,4.17,0,13.02,13.02,,1,6976.00,0.00,0.00,0.00,0.00
2026-07-02 00:00:00,2026-07-02 00:00:00,2026-07-02 00:00:00,BigC,71-8001,71-8001 มานพ หัวลาก10W,1.3,3.3,2026-07-02 06:24:22,2026-07-02 07:51:34,1.45,2026-07-02 09:48:50,2026-07-02 14:19:36,1.95,4.51,4.51,0,7.92,7.92,,1,6976.00,0.00,0.00,0.00,0.00
2026-07-02 00:00:00,2026-07-02 00:00:00,2026-07-02 00:00:00,BigC,71-8002,71-8002 สมประสงค์ หัวลาก10W,3.3,4.3,2026-07-02 05:47:26,2026-07-02 07:03:26,1.27,2026-07-02 09:09:59,2026-07-02 10:30:03,2.11,1.33,1.33,0,4.71,4.71,,1,6976.00,0.00,0.00,0.00,0.00
2026-07-02 00:00:00,2026-07-02 00:00:00,2026-07-02 00:00:00,BigC,71-8003,71-8003 สมหมาย หัวลาก10W,4.3,2.3,2026-07-02 15:33:31,2026-07-02 15:46:24,0.21,2026-07-02 20:20:04,2026-07-02 22:12:15,4.56,1.87,1.87,0,6.65,6.65,,1,6976.00,1744.00,0.00,0.00,0.00
2026-07-02 00:00:00,2026-07-01 00:00:00,2026-07-02 00:00:00,BigC,71-8004,71-8004 วิทัต หัวลาก10W,5.1,7.1,2026-07-01 11:28:31,2026-07-02 00:03:14,12.58,2026-07-02 02:43:22,2026-07-02 06:44:48,2.67,4.02,4.02,0,19.27,19.27,,1,6976.00,1744.00,0.00,0.00,0.00
2026-07-01 00:00:00,2026-07-01 00:00:00,2026-07-02 00:00:00,BigC,71-8009,71-8009 วันชัย หัวลาก10W,2.2,5.2,2026-07-01 16:31:30,2026-07-02 02:46:10,10.24,2026-07-02 04:19:05,2026-07-02 05:14:29,1.55,0.92,0.92,0,12.72,12.72,,1,6976.00,0.00,0.00,0.00,0.00
2026-07-02 00:00:00,2026-07-02 00:00:00,2026-07-02 00:00:00,BigC,71-8009,71-8009 วันชัย หัวลาก10W,2.3,5.3,2026-07-02 07:15:03,2026-07-02 14:06:11,6.85,2026-07-02 16:17:53,2026-07-02 19:25:19,2.19,3.12,3.12,0,12.17,12.17,,1,6976.00,1744.00,0.00,0.00,0.00
2026-07-02 00:00:00,2026-07-02 00:00:00,2026-07-03 00:00:00,BigC,71-8001,71-8001 มานพ หัวลาก10W,1.4,3.4,2026-07-02 17:22:20,2026-07-02 20:26:14,3.06,2026-07-03 01:21:12,2026-07-03 02:49:57,4.92,1.48,1.48,0,9.46,9.46,,1,6976.00,0.00,0.00,0.00,0.00
2026-07-03 00:00:00,2026-07-03 00:00:00,2026-07-03 00:00:00,BigC,71-8001,71-8001 มานพ หัวลาก10W,1.5,3.5,2026-07-03 07:06:44,2026-07-03 11:24:54,4.3,2026-07-03 15:03:23,2026-07-03 22:55:23,3.64,7.87,7.87,0,15.81,15.81,,1,6976.00,1744.00,0.00,0.00,0.00
2026-07-02 00:00:00,2026-07-02 00:00:00,2026-07-03 00:00:00,BigC,71-8002,71-8002 สมประสงค์ หัวลาก10W,3.4,4.4,2026-07-02 11:56:05,2026-07-02 20:04:20,8.14,2026-07-03 03:05:31,2026-07-03 03:37:13,7.02,0.53,0.53,0,15.69,15.69,,1,6976.00,0.00,0.00,0.00,0.00
2026-07-03 00:00:00,2026-07-03 00:00:00,2026-07-03 00:00:00,BigC,71-8002,71-8002 สมประสงค์ หัวลาก10W,3.5,4.5,2026-07-03 05:54:55,2026-07-03 10:40:29,4.76,2026-07-03 12:34:53,2026-07-03 19:35:59,1.91,7.02,7.02,0,13.68,13.68,,1,6976.00,1744.00,0.00,0.00,0.00
2026-07-03 00:00:00,2026-07-03 00:00:00,2026-07-03 00:00:00,BigC,71-8003,71-8003 สมหมาย หัวลาก10W,4.4,2.4,2026-07-03 06:29:39,2026-07-03 11:49:52,5.34,2026-07-03 16:37:04,2026-07-04 00:04:33,4.79,7.46,7.46,0,17.58,17.58,,1,6976.00,1744.00,0.00,0.00,0.00
2026-07-03 00:00:00,2026-07-02 00:00:00,2026-07-03 00:00:00,BigC,71-8009,71-8009 วันชัย หัวลาก10W,2.4,5.4,2026-07-02 21:03:09,2026-07-03 02:58:20,5.92,2026-07-03 04:30:16,2026-07-03 06:28:02,1.53,1.96,1.96,0,9.41,9.41,,1,6976.00,0.00,0.00,0.00,0.00
2026-07-03 00:00:00,2026-07-03 00:00:00,2026-07-03 00:00:00,BigC,71-8009,71-8009 วันชัย หัวลาก10W,2.5,5.5,2026-07-03 08:32:45,2026-07-03 14:02:02,5.49,2026-07-03 16:28:45,2026-07-03 23:08:47,2.45,6.67,6.67,0,14.6,14.6,,1,6976.00,0.00,0.00,0.00,0.00
2026-07-04 00:00:00,2026-07-04 00:00:00,2026-07-04 00:00:00,BigC,71-8001,71-8001 มานพ หัวลาก10W,1.6,3.6,2026-07-04 01:15:53,2026-07-04 10:45:13,9.49,2026-07-04 14:35:45,2026-07-04 18:10:48,3.84,3.58,3.58,0,16.92,16.92,,1,6976.00,1744.00,0.00,0.00,0.00
2026-07-04 00:00:00,2026-07-03 00:00:00,2026-07-04 00:00:00,BigC,71-8002,71-8002 สมประสงค์ หัวลาก10W,3.6,4.6,2026-07-03 21:27:53,2026-07-04 07:14:16,9.77,2026-07-04 09:14:01,2026-07-04 15:59:18,2,6.75,6.75,0,18.52,18.52,,1,6976.00,1744.00,0.00,0.00,0.00
2026-07-04 00:00:00,2026-07-04 00:00:00,2026-07-04 00:00:00,BigC,71-8003,71-8003 สมหมาย หัวลาก10W,4.5,2.5,2026-07-04 09:13:35,2026-07-04 14:38:16,5.41,2026-07-04 16:48:25,2026-07-04 18:16:13,2.17,1.46,1.46,0,9.04,9.04,,1,6976.00,1744.00,0.00,0.00,0.00
2026-07-05 00:00:00,2026-07-04 00:00:00,2026-07-05 00:00:00,BigC,71-8001,71-8001 มานพ หัวลาก10W,1.7,3.7,2026-07-04 19:57:15,2026-07-05 02:23:21,6.43,2026-07-05 06:52:55,2026-07-05 10:16:19,4.49,3.39,3.39,0,14.32,14.32,,1,6976.00,0.00,0.00,0.00,0.00
2026-07-05 00:00:00,2026-07-05 00:00:00,2026-07-05 00:00:00,BigC,71-8001,71-8001 มานพ หัวลาก10W,1.8,3.8,2026-07-05 12:57:46,2026-07-05 20:39:04,7.69,2026-07-05 23:30:10,2026-07-06 00:31:13,2.85,1.02,1.02,0,11.56,11.56,,1,6976.00,0.00,0.00,0.00,0.00
2026-07-05 00:00:00,2026-07-04 00:00:00,2026-07-05 00:00:00,BigC,71-8002,71-8002 สมประสงค์ หัวลาก10W,3.7,4.8,2026-07-04 23:22:19,2026-07-05 02:52:24,3.5,2026-07-05 06:38:10,2026-07-05 09:19:00,3.76,2.68,2.68,0,9.94,9.94,,1,6976.00,0.00,0.00,0.00,0.00
2026-07-05 00:00:00,2026-07-05 00:00:00,2026-07-05 00:00:00,BigC,71-8003,71-8003 สมหมาย หัวลาก10W,4.6,2.6,2026-07-05 00:18:33,2026-07-05 04:21:12,4.04,2026-07-05 06:11:50,2026-07-05 08:48:05,1.84,2.6,2.6,0,8.49,8.49,,1,6976.00,0.00,0.00,0.00,3488.00
2026-07-05 00:00:00,2026-07-05 00:00:00,2026-07-05 00:00:00,BigC,71-8003,71-8003 สมหมาย หัวลาก10W,4.7,2.7,2026-07-05 12:07:39,2026-07-05 17:31:11,5.39,2026-07-05 19:25:26,2026-07-05 21:07:49,1.9,1.71,1.71,0,9,9,,1,6976.00,0.00,0.00,0.00,0.00
2026-07-04 00:00:00,2026-07-04 00:00:00,2026-07-05 00:00:00,BigC,71-8009,71-8009 วันชัย หัวลาก10W,2.7,5.6,2026-07-04 18:09:58,2026-07-05 00:54:37,6.74,2026-07-05 02:30:26,2026-07-05 03:40:23,1.6,1.17,1.17,0,9.51,9.51,,1,6976.00,1744.00,0.00,0.00,3488.00
2026-07-05 00:00:00,2026-07-05 00:00:00,2026-07-05 00:00:00,BigC,71-8009,71-8009 วันชัย หัวลาก10W,2.8,5.7,2026-07-05 05:15:26,2026-07-05 11:28:21,6.22,2026-07-05 14:01:32,2026-07-05 15:40:41,2.55,1.65,1.65,0,10.42,10.42,,1,6976.00,0.00,0.00,0.00,0.00
2026-07-05 00:00:00,2026-07-05 00:00:00,2026-07-06 00:00:00,BigC,71-8002,71-8002 สมประสงค์ หัวลาก10W,3.8,4.9,2026-07-05 12:21:09,2026-07-05 20:29:19,8.14,2026-07-06 00:15:02,2026-07-06 03:30:31,3.76,3.26,3.26,0,15.16,15.16,,1,6976.00,0.00,0.00,0.00,0.00
2026-07-06 00:00:00,2026-07-06 00:00:00,2026-07-06 00:00:00,BigC,71-8002,71-8002 สมประสงค์ หัวลาก10W,3.9,4.10,2026-07-06 07:01:21,2026-07-06 10:59:31,3.97,2026-07-06 12:42:01,2026-07-06 16:12:54,1.71,3.51,3.51,0,9.19,9.19,,1,6976.00,1744.00,0.00,0.00,0.00
2026-07-06 00:00:00,2026-07-05 00:00:00,2026-07-06 00:00:00,BigC,71-8003,71-8003 สมหมาย หัวลาก10W,4.8,2.8,2026-07-05 23:37:44,2026-07-06 08:05:42,8.47,2026-07-06 10:52:52,2026-07-06 13:44:14,2.79,2.86,2.86,0,14.11,14.11,,1,6976.00,1744.00,0.00,0.00,0.00
2026-07-05 00:00:00,2026-07-05 00:00:00,2026-07-06 00:00:00,BigC,71-8009,71-8009 วันชัย หัวลาก10W,2.9,5.8,2026-07-05 17:17:46,2026-07-06 02:15:11,8.96,2026-07-06 03:48:01,2026-07-06 05:19:01,1.55,1.52,1.52,0,12.02,12.02,,1,6976.00,0.00,0.00,0.00,0.00
2026-07-07 00:00:00,2026-07-07 00:00:00,2026-07-07 00:00:00,BigC,71-5041,71-5041 เกรียงไกร หัวลาก10W มะยม,7.1,8.1,2026-07-07 12:26:51,2026-07-07 17:52:53,5.43,2026-07-07 20:20:32,2026-07-08 02:16:15,2.46,5.93,5.93,0,13.82,13.82,,1,6976.00,1744.00,0.00,0.00,0.00
2026-07-07 00:00:00,2026-07-06 00:00:00,2026-07-07 00:00:00,BigC,71-8001,71-8001 มานพ หัวลาก10W,1.9,3.9,2026-07-06 08:27:32,2026-07-07 10:24:56,25.96,2026-07-07 12:13:44,2026-07-07 16:44:42,1.81,4.52,4.52,0,32.29,32.29,,1,6976.00,1744.00,0.00,0.00,0.00
2026-07-07 00:00:00,2026-07-06 00:00:00,2026-07-07 00:00:00,BigC,71-8002,71-8002 สมประสงค์ หัวลาก10W,3.10,4.11,2026-07-06 17:40:21,2026-07-07 10:41:01,17.01,2026-07-07 12:54:58,2026-07-07 16:57:11,2.23,4.04,4.04,0,23.28,23.28,,1,6976.00,1744.00,0.00,0.00,0.00
2026-07-07 00:00:00,2026-07-06 00:00:00,2026-07-07 00:00:00,BigC,71-8003,71-8003 สมหมาย หัวลาก10W,4.9,2.9,2026-07-06 18:09:39,2026-07-07 11:57:33,17.8,2026-07-07 14:18:51,2026-07-07 22:07:32,2.35,7.81,7.81,0,27.96,27.96,,1,6976.00,1744.00,0.00,0.00,0.00
2026-07-07 00:00:00,2026-07-06 00:00:00,2026-07-07 00:00:00,BigC,71-8009,71-8009 วันชัย หัวลาก10W,2.10,5.9,2026-07-06 07:00:16,2026-07-07 09:23:32,26.39,2026-07-07 11:41:05,2026-07-07 15:17:14,2.29,3.6,3.6,0,32.28,32.28,,1,6976.00,1744.00,0.00,0.00,0.00
2026-07-09 00:00:00,2026-07-08 00:00:00,2026-07-08 00:00:00,BigC,71-5041,71-5041 เกรียงไกร หัวลาก10W มะยม,7.2,8.2,2026-07-08 09:17:39,2026-07-08 12:24:22,3.11,2026-07-08 14:13:22,2026-07-09 09:23:28,1.82,19.17,19.17,0,24.1,24.1,,1,6688.00,0.00,6688.00,0.00,0.00
2026-07-08 00:00:00,2026-07-07 00:00:00,2026-07-08 00:00:00,BigC,71-8001,71-8001 มานพ หัวลาก10W,1.10,3.10,2026-07-07 21:52:45,2026-07-08 08:35:15,10.71,2026-07-08 11:42:45,2026-07-08 15:21:57,3.12,3.65,3.65,0,17.49,17.49,,1,6976.00,1744.00,0.00,0.00,0.00
2026-07-08 00:00:00,2026-07-07 00:00:00,2026-07-08 00:00:00,BigC,71-8002,71-8002 สมประสงค์ หัวลาก10W,3.11,4.12,2026-07-07 18:29:13,2026-07-08 03:50:31,9.36,2026-07-08 05:25:26,2026-07-08 08:44:23,1.58,3.32,3.32,0,14.25,14.25,,1,6976.00,1744.00,0.00,0.00,0.00
2026-07-09 00:00:00,2026-07-08 00:00:00,2026-07-08 00:00:00,BigC,71-8002,71-8002 สมประสงค์ หัวลาก10W,3.12,4.13,2026-07-08 10:27:08,2026-07-08 21:39:47,11.21,2026-07-08 23:57:27,2026-07-09 09:03:14,2.29,9.1,9.1,0,22.6,22.6,,1,6688.00,0.00,0.00,0.00,0.00
2026-07-08 00:00:00,2026-07-07 00:00:00,2026-07-08 00:00:00,BigC,71-8003,71-8003 สมหมาย หัวลาก10W,4.10,2.10,2026-07-07 23:54:10,2026-07-08 09:50:26,9.94,2026-07-08 13:33:14,2026-07-08 17:17:17,3.71,3.73,3.73,0,17.39,17.39,,1,6976.00,1744.00,0.00,0.00,3344.00
2026-07-08 00:00:00,2026-07-07 00:00:00,2026-07-08 00:00:00,BigC,71-8009,71-8009 วันชัย หัวลาก10W,2.11,5.10,2026-07-07 16:59:37,2026-07-08 03:16:26,10.28,2026-07-08 06:48:37,2026-07-08 09:10:43,3.54,2.37,2.37,0,16.18,16.18,,1,6976.00,1744.00,0.00,0.00,0.00
2026-07-09 00:00:00,2026-07-08 00:00:00,2026-07-09 00:00:00,BigC,71-8001,71-8001 มานพ หัวลาก10W,1.11,3.11,2026-07-08 17:06:30,2026-07-09 15:17:15,22.18,2026-07-09 17:19:24,2026-07-09 20:32:12,2.04,3.21,3.21,0,27.43,27.43,,1,6688.00,1672.00,0.00,0.00,0.00
2026-07-09 00:00:00,2026-07-08 00:00:00,2026-07-09 00:00:00,BigC,71-8003,71-8003 สมหมาย หัวลาก10W,4.11,2.11,2026-07-08 19:56:17,2026-07-09 10:34:44,14.64,2026-07-09 12:45:06,2026-07-09 15:40:46,2.17,2.93,2.93,0,19.74,19.74,,1,6688.00,1672.00,0.00,0.00,3344.00
2026-07-09 00:00:00,2026-07-08 00:00:00,2026-07-09 00:00:00,BigC,71-8009,71-8009 วันชัย หัวลาก10W,2.12,5.11,2026-07-08 10:46:37,2026-07-08 23:15:54,12.49,2026-07-09 01:28:58,2026-07-09 08:41:54,2.22,7.22,7.22,0,21.92,21.92,,1,6688.00,0.00,0.00,0.00,0.00
2026-07-09 00:00:00,2026-07-09 00:00:00,2026-07-10 00:00:00,BigC,71-5041,71-5041 เกรียงไกร หัวลาก10W มะยม,7.3,8.3,2026-07-09 11:23:29,2026-07-10 00:41:51,13.31,2026-07-10 02:31:50,2026-07-10 03:26:10,1.83,0.91,0.91,0,16.04,16.04,,1,6688.00,0.00,0.00,0.00,0.00
2026-07-10 00:00:00,2026-07-10 00:00:00,2026-07-10 00:00:00,BigC,71-5041,71-5041 เกรียงไกร หัวลาก10W มะยม,7.4,8.4,2026-07-10 09:38:13,2026-07-10 14:22:14,4.73,2026-07-10 17:25:05,2026-07-10 20:58:32,3.05,3.56,3.56,0,11.34,11.34,,1,6688.00,1672.00,0.00,0.00,3344.00
2026-07-10 00:00:00,2026-07-09 00:00:00,2026-07-10 00:00:00,BigC,71-8001,71-8001 มานพ หัวลาก10W,1.12,3.12,2026-07-09 22:55:31,2026-07-10 02:34:06,3.64,2026-07-10 09:15:44,2026-07-10 13:30:59,6.69,4.25,4.25,0,14.59,14.59,,1,6688.00,1672.00,0.00,0.00,3344.00
2026-07-09 00:00:00,2026-07-09 00:00:00,2026-07-10 00:00:00,BigC,71-8002,71-8002 สมประสงค์ หัวลาก10W,3.13,4.14,2026-07-09 10:48:14,2026-07-09 23:32:14,12.73,2026-07-10 02:32:30,2026-07-10 03:18:00,3,0.76,0.76,0,16.5,16.5,,1,6688.00,0.00,0.00,0.00,0.00
2026-07-10 00:00:00,2026-07-10 00:00:00,2026-07-10 00:00:00,BigC,71-8002,71-8002 สมประสงค์ หัวลาก10W,3.14,4.15,2026-07-10 07:49:42,2026-07-10 09:04:01,1.24,2026-07-10 10:49:59,2026-07-10 13:54:17,1.77,3.07,3.07,0,6.08,6.08,,1,6688.00,1672.00,0.00,0.00,0.00
2026-07-10 00:00:00,2026-07-09 00:00:00,2026-07-10 00:00:00,BigC,71-8003,71-8003 สมหมาย หัวลาก10W,4.12,2.12,2026-07-09 17:25:57,2026-07-10 01:12:08,7.77,2026-07-10 03:09:12,2026-07-10 07:32:48,1.95,4.39,4.39,0,14.11,14.11,,1,6688.00,0.00,0.00,0.00,0.00
2026-07-10 00:00:00,2026-07-10 00:00:00,2026-07-10 00:00:00,BigC,71-8003,71-8003 สมหมาย หัวลาก10W,4.13,2.13,2026-07-10 09:12:13,2026-07-10 10:45:33,1.56,2026-07-10 13:14:57,2026-07-10 15:54:33,2.49,2.66,2.66,0,6.71,6.71,,1,6688.00,0.00,0.00,0.00,0.00
2026-07-09 00:00:00,2026-07-09 00:00:00,2026-07-10 00:00:00,BigC,71-8009,71-8009 วันชัย หัวลาก10W,2.13,5.12,2026-07-09 10:35:54,2026-07-09 22:30:29,11.91,2026-07-10 00:45:44,2026-07-10 02:08:49,2.25,1.38,1.38,0,15.55,15.55,,1,6688.00,0.00,0.00,0.00,0.00
2026-07-10 00:00:00,2026-07-10 00:00:00,2026-07-10 00:00:00,BigC,71-8009,71-8009 วันชัย หัวลาก10W,2.14,5.13,2026-07-10 03:40:02,2026-07-10 04:48:25,1.14,2026-07-10 07:16:04,2026-07-10 10:09:37,2.46,2.89,2.89,0,6.49,6.49,,1,6688.00,0.00,0.00,0.00,0.00
2026-07-10 00:00:00,2026-07-10 00:00:00,2026-07-10 00:00:00,BigC,71-8009,71-8009 วันชัย หัวลาก10W,2.15,5.14,2026-07-10 11:42:33,2026-07-10 15:09:49,3.45,2026-07-10 16:51:13,2026-07-10 19:10:58,1.69,2.33,2.33,0,7.47,7.47,,1,6688.00,0.00,0.00,0.00,0.00
2026-07-11 00:00:00,2026-07-11 00:00:00,2026-07-11 00:00:00,BigC,71-5042,71-5042 อนันทร์ หัวลาก10W,8.1,10.1,2026-07-11 07:08:10,2026-07-11 07:55:31,0.79,2026-07-11 10:04:37,2026-07-11 12:47:18,2.15,2.71,2.71,0,5.65,5.65,,1,6688.00,0.00,0.00,0.00,0.00
2026-07-11 00:00:00,2026-07-10 00:00:00,2026-07-11 00:00:00,BigC,71-8001,71-8001 มานพ หัวลาก10W,1.13,3.13,2026-07-10 15:06:08,2026-07-10 22:44:19,7.64,2026-07-11 05:02:52,2026-07-11 08:05:24,6.31,3.04,3.04,0,16.99,16.99,,1,6688.00,0.00,0.00,0.00,3344.00
2026-07-11 00:00:00,2026-07-11 00:00:00,2026-07-11 00:00:00,BigC,71-8001,71-8001 มานพ หัวลาก10W,1.14,3.14,2026-07-11 10:06:31,2026-07-11 18:14:32,8.13,2026-07-11 21:26:45,2026-07-11 22:34:58,3.2,1.14,1.14,0,12.47,12.47,,1,6688.00,0.00,0.00,0.00,0.00
2026-07-11 00:00:00,2026-07-10 00:00:00,2026-07-11 00:00:00,BigC,71-8002,71-8002 สมประสงค์ หัวลาก10W,3.15,4.16,2026-07-10 15:23:30,2026-07-11 01:59:49,10.61,2026-07-11 06:13:23,2026-07-11 08:12:24,4.23,1.98,1.98,0,16.82,16.82,,1,6688.00,0.00,0.00,0.00,0.00
2026-07-11 00:00:00,2026-07-11 00:00:00,2026-07-11 00:00:00,BigC,71-8002,71-8002 สมประสงค์ หัวลาก10W,3.16,4.17,2026-07-11 10:43:53,2026-07-11 21:33:31,10.83,2026-07-11 23:29:14,2026-07-12 04:12:19,1.93,4.72,4.72,0,17.47,17.47,,1,6688.00,0.00,0.00,0.00,0.00
2026-07-11 00:00:00,2026-07-10 00:00:00,2026-07-11 00:00:00,BigC,71-8003,71-8003 สมหมาย หัวลาก10W,4.14,2.14,2026-07-10 17:35:27,2026-07-11 04:02:54,10.46,2026-07-11 07:25:55,2026-07-11 11:59:28,3.38,4.56,4.56,0,18.4,18.4,,1,6688.00,0.00,0.00,0.00,0.00
2026-07-11 00:00:00,2026-07-10 00:00:00,2026-07-11 00:00:00,BigC,71-8009,71-8009 วันชัย หัวลาก10W,2.16,5.15,2026-07-10 20:49:57,2026-07-11 04:10:37,7.34,2026-07-11 06:13:56,2026-07-11 08:30:53,2.06,2.28,2.28,0,11.68,11.68,,1,6688.00,0.00,0.00,0.00,0.00
2026-07-11 00:00:00,2026-07-11 00:00:00,2026-07-11 00:00:00,BigC,71-8009,71-8009 วันชัย หัวลาก10W,2.17,5.16,2026-07-11 09:59:19,2026-07-11 13:50:55,3.86,2026-07-11 15:22:50,2026-07-11 19:44:11,1.53,4.36,4.36,0,9.75,9.75,,1,6688.00,0.00,0.00,0.00,0.00
2026-07-11 00:00:00,2026-07-11 00:00:00,2026-07-12 00:00:00,BigC,71-5042,71-5042 อนันทร์ หัวลาก10W,8.2,10.2,2026-07-11 14:16:58,2026-07-11 23:42:05,9.42,2026-07-12 01:04:47,2026-07-12 01:55:41,1.38,0.85,0.85,0,11.65,11.65,,1,6688.00,0.00,0.00,0.00,0.00
2026-07-12 00:00:00,2026-07-12 00:00:00,2026-07-12 00:00:00,BigC,71-5042,71-5042 อนันทร์ หัวลาก10W,8.3,10.3,2026-07-12 04:20:13,2026-07-12 13:02:45,8.71,2026-07-12 14:40:23,2026-07-12 16:18:09,1.63,1.63,1.63,0,11.97,11.97,,1,6688.00,1672.00,0.00,0.00,0.00
2026-07-12 00:00:00,2026-07-12 00:00:00,2026-07-12 00:00:00,BigC,71-8002,71-8002 สมประสงค์ หัวลาก10W,3.17,4.18,2026-07-12 05:50:10,2026-07-12 18:00:05,12.17,2026-07-12 19:37:13,2026-07-12 20:19:11,1.62,0.7,0.7,0,14.48,14.48,,1,6688.00,1672.00,0.00,0.00,0.00
2026-07-11 00:00:00,2026-07-11 00:00:00,2026-07-12 00:00:00,BigC,71-8003,71-8003 สมหมาย หัวลาก10W,4.15,2.15,2026-07-11 13:37:07,2026-07-11 23:41:46,10.08,2026-07-12 05:00:00,2026-07-12 05:43:58,5.3,0.73,0.73,0,16.11,16.11,,1,6688.00,0.00,0.00,0.00,0.00
2026-07-11 00:00:00,2026-07-11 00:00:00,2026-07-12 00:00:00,BigC,71-8009,71-8009 วันชัย หัวลาก10W,2.18,5.17,2026-07-11 21:21:58,2026-07-12 02:44:07,5.37,2026-07-12 04:52:06,2026-07-12 05:21:53,2.13,0.5,0.5,0,8,8,,1,6688.00,0.00,0.00,0.00,0.00
2026-07-13 00:00:00,2026-07-12 00:00:00,2026-07-13 00:00:00,BigC,71-5042,71-5042 อนันทร์ หัวลาก10W,8.4,10.4,2026-07-12 18:03:50,2026-07-13 19:07:08,25.05,2026-07-13 20:38:48,2026-07-14 01:29:30,1.53,4.84,4.84,0,31.43,31.43,,1,6688.00,1672.00,0.00,0.00,0.00
2026-07-13 00:00:00,2026-07-12 00:00:00,2026-07-13 00:00:00,BigC,71-8001,71-8001 มานพ หัวลาก10W,1.15,3.15,2026-07-12 07:35:13,2026-07-13 07:57:48,24.38,2026-07-13 09:30:47,2026-07-13 15:06:34,1.55,5.6,5.6,0,31.52,31.52,,1,6688.00,1672.00,0.00,0.00,0.00
2026-07-13 00:00:00,2026-07-12 00:00:00,2026-07-13 00:00:00,BigC,71-8002,71-8002 สมประสงค์ หัวลาก10W,3.18,4.19,2026-07-12 21:55:22,2026-07-13 19:53:56,21.98,2026-07-13 21:37:22,2026-07-13 23:52:13,1.72,2.25,2.25,0,25.95,25.95,,1,6688.00,1672.00,0.00,0.00,0.00
2026-07-13 00:00:00,2026-07-12 00:00:00,2026-07-13 00:00:00,BigC,71-8003,71-8003 สมหมาย หัวลาก10W,4.16,2.16,2026-07-12 13:12:25,2026-07-13 17:36:10,28.4,2026-07-13 19:44:49,2026-07-13 20:42:13,2.14,0.96,0.96,0,31.5,31.5,,1,6688.00,1672.00,0.00,0.00,3344.00
2026-07-13 00:00:00,2026-07-12 00:00:00,2026-07-13 00:00:00,BigC,71-8009,71-8009 วันชัย หัวลาก10W,2.19,5.18,2026-07-12 06:43:37,2026-07-13 05:25:52,22.7,2026-07-13 07:14:57,2026-07-13 08:18:51,1.82,1.06,1.06,0,25.59,25.59,,1,6688.00,0.00,0.00,0.00,0.00
2026-07-14 00:00:00,2026-07-14 00:00:00,2026-07-14 00:00:00,BigC,71-5042,71-5042 อนันทร์ หัวลาก10W,8.5,10.5,2026-07-14 03:36:10,2026-07-14 05:03:38,1.46,2026-07-14 06:34:18,2026-07-14 19:13:34,1.51,12.65,12.65,0,15.62,15.62,,1,6688.00,1672.00,0.00,0.00,0.00
2026-07-14 00:00:00,2026-07-13 00:00:00,2026-07-14 00:00:00,BigC,71-8001,71-8001 มานพ หัวลาก10W,1.16,3.16,2026-07-13 18:49:30,2026-07-14 02:39:37,7.84,2026-07-14 04:23:59,2026-07-14 07:18:27,1.74,2.91,2.91,0,12.48,12.48,,1,6688.00,0.00,0.00,0.00,0.00
2026-07-14 00:00:00,2026-07-14 00:00:00,2026-07-14 00:00:00,BigC,71-8001,71-8001 มานพ หัวลาก10W,1.17,3.17,2026-07-14 09:16:44,2026-07-14 14:47:16,5.51,2026-07-14 16:30:51,2026-07-15 04:24:45,1.73,11.9,11.9,0,19.13,19.13,,1,6688.00,0.00,0.00,0.00,0.00
2026-07-14 00:00:00,2026-07-14 00:00:00,2026-07-14 00:00:00,BigC,71-8002,71-8002 สมประสงค์ หัวลาก10W,3.19,4.20,2026-07-14 05:17:42,2026-07-14 11:56:58,6.65,2026-07-14 13:31:29,2026-07-14 16:08:07,1.58,2.61,2.61,0,10.84,10.84,,1,6688.00,1672.00,0.00,0.00,0.00
2026-07-14 00:00:00,2026-07-13 00:00:00,2026-07-14 00:00:00,BigC,71-8003,71-8003 สมหมาย หัวลาก10W,4.17,2.17,2026-07-13 22:12:49,2026-07-14 03:09:09,4.94,2026-07-14 06:18:22,2026-07-14 15:26:59,3.15,9.14,9.14,0,17.24,17.24,,1,6688.00,1672.00,0.00,0.00,0.00
2026-07-13 00:00:00,2026-07-13 00:00:00,2026-07-14 00:00:00,BigC,71-8009,71-8009 วันชัย หัวลาก10W,2.20,5.19,2026-07-13 10:24:56,2026-07-13 23:12:31,12.79,2026-07-14 01:28:31,2026-07-14 02:26:34,2.27,0.97,0.97,0,16.03,16.03,,1,6688.00,0.00,0.00,0.00,0.00
2026-07-14 00:00:00,2026-07-14 00:00:00,2026-07-14 00:00:00,BigC,71-8009,71-8009 วันชัย หัวลาก10W,2.21,5.20,2026-07-14 03:57:48,2026-07-14 08:00:34,4.05,2026-07-14 09:29:02,2026-07-14 19:34:40,1.47,10.09,10.09,0,15.61,15.61,,1,6688.00,1672.00,0.00,0.00,0.00
2026-07-15 00:00:00,2026-07-14 00:00:00,2026-07-15 00:00:00,BigC,71-5042,71-5042 อนันทร์ หัวลาก10W,8.6,10.6,2026-07-14 20:50:13,2026-07-14 23:48:32,2.97,2026-07-15 01:07:15,2026-07-15 17:00:06,1.31,15.88,15.88,0,20.16,20.16,,1,6688.00,0.00,0.00,0.00,0.00
2026-07-15 00:00:00,2026-07-15 00:00:00,2026-07-15 00:00:00,BigC,71-8001,71-8001 มานพ หัวลาก10W,1.18,3.18,2026-07-15 08:59:21,2026-07-15 10:37:52,1.64,2026-07-15 12:45:50,2026-07-15 20:09:08,2.13,7.39,7.39,0,11.16,11.16,,1,6688.00,1672.00,0.00,0.00,0.00
2026-07-15 00:00:00,2026-07-14 00:00:00,2026-07-15 00:00:00,BigC,71-8002,71-8002 สมประสงค์ หัวลาก10W,3.20,4.21,2026-07-14 17:37:10,2026-07-14 20:06:25,2.49,2026-07-15 02:42:57,2026-07-15 18:53:26,6.61,16.17,16.17,0,25.27,25.27,,1,6688.00,0.00,0.00,0.00,0.00
2026-07-15 00:00:00,2026-07-14 00:00:00,2026-07-15 00:00:00,BigC,71-8003,71-8003 สมหมาย หัวลาก10W,4.18,2.18,2026-07-14 17:08:50,2026-07-14 19:27:09,2.31,2026-07-15 04:18:55,2026-07-15 19:37:02,8.86,15.3,15.3,0,26.47,26.47,ABNORMAL,1,6688.00,1672.00,0.00,0.00,0.00
2026-07-15 00:00:00,2026-07-14 00:00:00,2026-07-15 00:00:00,BigC,71-8009,71-8009 วันชัย หัวลาก10W,2.22,5.21,2026-07-14 21:56:17,2026-07-15 02:20:37,4.41,2026-07-15 08:20:20,2026-07-15 19:26:42,6,11.11,11.11,0,21.51,21.51,,1,6688.00,1672.00,0.00,0.00,0.00
2026-07-15 00:00:00,2026-07-15 00:00:00,2026-07-16 00:00:00,BigC,71-5042,71-5042 อนันทร์ หัวลาก10W,8.7,10.7,2026-07-15 19:53:37,2026-07-15 22:53:06,2.99,2026-07-16 00:39:03,2026-07-16 02:46:15,1.77,2.12,2.12,0,6.88,6.88,,1,6688.00,0.00,0.00,0.00,0.00
2026-07-16 00:00:00,2026-07-16 00:00:00,2026-07-16 00:00:00,BigC,71-5042,71-5042 อนันทร์ หัวลาก10W,8.8,10.8,2026-07-16 04:30:20,2026-07-16 07:51:59,3.36,2026-07-16 09:23:39,2026-07-17 02:55:28,1.53,17.53,17.53,0,22.42,22.42,,1,6688.00,1672.00,0.00,0.00,0.00
2026-07-16 00:00:00,2026-07-15 00:00:00,2026-07-16 00:00:00,BigC,71-8001,71-8001 มานพ หัวลาก10W,1.19,3.19,2026-07-15 21:56:11,2026-07-16 04:49:26,6.89,2026-07-16 07:02:48,2026-07-16 14:25:12,2.22,7.37,7.37,0,16.48,16.48,,1,6688.00,0.00,0.00,0.00,3344.00
2026-07-16 00:00:00,2026-07-16 00:00:00,2026-07-16 00:00:00,BigC,71-8001,71-8001 มานพ หัวลาก10W,1.20,3.20,2026-07-16 16:35:03,2026-07-16 20:15:06,3.67,2026-07-16 23:16:12,2026-07-17 00:02:24,3.02,0.77,0.77,0,7.46,7.46,,1,6688.00,0.00,0.00,0.00,0.00
2026-07-15 00:00:00,2026-07-15 00:00:00,2026-07-16 00:00:00,BigC,71-8002,71-8002 สมประสงค์ หัวลาก10W,3.21,4.22,2026-07-15 20:53:16,2026-07-16 00:21:46,3.48,2026-07-16 02:00:21,2026-07-16 05:57:15,1.64,3.95,3.95,0,9.07,9.07,,1,6688.00,0.00,0.00,0.00,0.00
2026-07-17 00:00:00,2026-07-16 00:00:00,2026-07-16 00:00:00,BigC,71-8002,71-8002 สมประสงค์ หัวลาก10W,3.22,4.23,2026-07-16 07:37:39,2026-07-16 12:22:38,4.75,2026-07-16 14:02:06,2026-07-17 16:17:06,1.66,26.25,26.25,0,32.66,32.66,,1,6688.00,1672.00,6688.00,0.00,3344.00
2026-07-16 00:00:00,2026-07-16 00:00:00,2026-07-16 00:00:00,BigC,71-8003,71-8003 สมหมาย หัวลาก10W,4.19,2.19,2026-07-16 03:36:37,2026-07-16 05:33:42,1.95,2026-07-16 09:17:08,2026-07-17 02:57:33,3.72,17.67,17.67,0,23.35,23.35,,1,6688.00,1672.00,0.00,0.00,0.00
2026-07-16 00:00:00,2026-07-15 00:00:00,2026-07-16 00:00:00,BigC,71-8009,71-8009 วันชัย หัวลาก10W,2.23,5.22,2026-07-15 21:25:43,2026-07-16 02:53:50,5.47,2026-07-16 09:14:13,2026-07-16 21:04:04,6.34,11.83,11.83,0,23.64,23.64,,1,6688.00,1672.00,0.00,0.00,3344.00
2026-07-17 00:00:00,2026-07-17 00:00:00,2026-07-17 00:00:00,BigC,71-5042,71-5042 อนันทร์ หัวลาก10W,8.9,10.9,2026-07-17 05:07:37,2026-07-17 08:03:42,2.93,2026-07-17 13:09:05,2026-07-17 23:16:47,5.09,10.13,10.13,0,18.15,18.15,,1,6688.00,1672.00,0.00,0.00,0.00
2026-07-17 00:00:00,2026-07-17 00:00:00,2026-07-17 00:00:00,BigC,71-8001,71-8001 มานพ หัวลาก10W,1.21,3.21,2026-07-17 07:40:49,2026-07-17 11:18:49,3.63,2026-07-17 13:33:42,2026-07-18 03:18:17,2.25,13.74,13.74,0,19.62,19.62,,1,6688.00,1672.00,0.00,0.00,0.00
2026-07-18 00:00:00,2026-07-17 00:00:00,2026-07-17 00:00:00,BigC,71-8003,71-8003 สมหมาย หัวลาก10W,4.20,2.20,2026-07-17 04:36:18,2026-07-17 08:03:52,3.46,2026-07-17 13:57:33,2026-07-18 09:27:30,5.89,19.5,19.5,0,28.85,28.85,,1,6688.00,0.00,6688.00,0.00,0.00
2026-07-17 00:00:00,2026-07-16 00:00:00,2026-07-17 00:00:00,BigC,71-8009,71-8009 วันชัย หัวลาก10W,2.24,5.23,2026-07-16 22:38:26,2026-07-17 04:34:05,5.93,2026-07-17 06:40:35,2026-07-17 07:56:42,2.11,1.27,1.27,0,9.3,9.3,,1,6688.00,0.00,0.00,0.00,0.00
2026-07-17 00:00:00,2026-07-17 00:00:00,2026-07-17 00:00:00,BigC,71-8009,71-8009 วันชัย หัวลาก10W,2.25,5.24,2026-07-17 10:01:20,2026-07-17 17:44:49,7.72,2026-07-17 19:41:14,2026-07-17 20:33:01,1.94,0.86,0.86,0,10.53,10.53,,1,6688.00,0.00,0.00,0.00,0.00
2026-07-18 00:00:00,2026-07-18 00:00:00,2026-07-18 00:00:00,BigC,71-5042,71-5042 อนันทร์ หัวลาก10W,8.10,10.10,2026-07-18 00:59:42,2026-07-18 08:30:48,7.52,2026-07-18 10:03:28,2026-07-18 22:10:31,1.54,12.12,12.12,0,21.18,21.18,,1,6688.00,1672.00,0.00,0.00,0.00
2026-07-18 00:00:00,2026-07-18 00:00:00,2026-07-18 00:00:00,BigC,71-8001,71-8001 มานพ หัวลาก10W,1.22,3.22,2026-07-18 07:19:47,2026-07-18 10:05:52,2.77,2026-07-18 13:18:16,2026-07-18 22:12:13,3.21,8.9,8.9,0,14.87,14.87,,1,6688.00,1672.00,0.00,0.00,0.00
2026-07-18 00:00:00,2026-07-17 00:00:00,2026-07-18 00:00:00,BigC,71-8002,71-8002 สมประสงค์ หัวลาก10W,3.23,4.24,2026-07-17 18:08:35,2026-07-18 02:41:14,8.54,2026-07-18 05:43:30,2026-07-18 21:11:29,3.04,15.47,15.47,0,27.05,27.05,,1,6688.00,0.00,0.00,0.00,0.00
2026-07-18 00:00:00,2026-07-18 00:00:00,2026-07-18 00:00:00,BigC,71-8003,71-8003 สมหมาย หัวลาก10W,4.21,2.21,2026-07-18 11:06:49,2026-07-18 14:32:23,3.43,2026-07-18 18:20:05,2026-07-18 22:31:49,3.79,4.2,4.2,0,11.42,11.42,,1,6688.00,0.00,0.00,0.00,0.00
2026-07-18 00:00:00,2026-07-17 00:00:00,2026-07-18 00:00:00,BigC,71-8009,71-8009 วันชัย หัวลาก10W,2.26,5.25,2026-07-17 22:11:32,2026-07-18 05:33:29,7.37,2026-07-18 09:23:41,2026-07-18 22:04:46,3.84,12.68,12.68,0,23.89,23.89,,1,6688.00,0.00,0.00,0.00,0.00
2026-07-19 00:00:00,2026-07-19 00:00:00,2026-07-19 00:00:00,BigC,71-5042,71-5042 อนันทร์ หัวลาก10W,8.11,10.11,2026-07-19 00:27:19,2026-07-19 05:20:53,4.89,2026-07-19 06:44:34,2026-07-19 09:39:52,1.39,2.92,2.92,0,9.21,9.21,,1,6688.00,0.00,0.00,0.00,0.00
2026-07-19 00:00:00,2026-07-19 00:00:00,2026-07-19 00:00:00,BigC,71-5042,71-5042 อนันทร์ หัวลาก10W,8.12,10.12,2026-07-19 11:04:34,2026-07-19 15:31:15,4.44,2026-07-19 17:33:40,2026-07-19 21:27:08,2.04,3.89,3.89,0,10.38,10.38,,1,6688.00,0.00,0.00,0.00,0.00
2026-07-19 00:00:00,2026-07-18 00:00:00,2026-07-19 00:00:00,BigC,71-8001,71-8001 มานพ หัวลาก10W,1.23,3.23,2026-07-18 23:43:04,2026-07-19 03:42:33,3.99,2026-07-19 05:54:08,2026-07-19 09:20:51,2.19,3.45,3.45,0,9.63,9.63,,1,6688.00,0.00,0.00,0.00,0.00
2026-07-19 00:00:00,2026-07-19 00:00:00,2026-07-19 00:00:00,BigC,71-8001,71-8001 มานพ หัวลาก10W,1.24,3.24,2026-07-19 10:40:42,2026-07-19 15:12:41,4.53,2026-07-19 18:03:51,2026-07-19 21:24:37,2.85,3.35,3.35,0,10.73,10.73,,1,6688.00,0.00,0.00,0.00,0.00
2026-07-18 00:00:00,2026-07-18 00:00:00,2026-07-19 00:00:00,BigC,71-8002,71-8002 สมประสงค์ หัวลาก10W,3.24,4.25,2026-07-18 22:36:32,2026-07-19 01:58:19,3.36,2026-07-19 03:32:11,2026-07-19 04:08:27,1.56,0.6,0.6,0,5.53,5.53,,1,6688.00,0.00,0.00,0.00,0.00
2026-07-19 00:00:00,2026-07-19 00:00:00,2026-07-19 00:00:00,BigC,71-8002,71-8002 สมประสงค์ หัวลาก10W,3.25,4.26,2026-07-19 06:40:26,2026-07-19 11:09:39,4.49,2026-07-19 13:37:03,2026-07-19 14:13:34,2.46,0.61,0.61,0,7.55,7.55,,1,6688.00,0.00,0.00,0.00,0.00
2026-07-19 00:00:00,2026-07-18 00:00:00,2026-07-19 00:00:00,BigC,71-8003,71-8003 สมหมาย หัวลาก10W,4.22,2.22,2026-07-18 23:57:50,2026-07-19 04:10:36,4.21,2026-07-19 06:00:10,2026-07-19 09:38:03,1.83,3.63,3.63,0,9.67,9.67,,1,6688.00,0.00,0.00,0.00,0.00
2026-07-19 00:00:00,2026-07-19 00:00:00,2026-07-19 00:00:00,BigC,71-8003,71-8003 สมหมาย หัวลาก10W,4.23,2.23,2026-07-19 15:10:45,2026-07-19 20:20:07,5.16,2026-07-19 22:47:35,2026-07-19 23:27:51,2.46,0.67,0.67,0,8.29,8.29,,1,6688.00,0.00,0.00,0.00,0.00
2026-07-18 00:00:00,2026-07-18 00:00:00,2026-07-19 00:00:00,BigC,71-8009,71-8009 วันชัย หัวลาก10W,2.27,5.26,2026-07-18 23:36:13,2026-07-19 02:24:34,2.81,2026-07-19 03:56:18,2026-07-19 04:55:06,1.53,0.98,0.98,0,5.31,5.31,,1,6688.00,0.00,0.00,0.00,0.00
2026-07-19 00:00:00,2026-07-19 00:00:00,2026-07-19 00:00:00,BigC,71-8009,71-8009 วันชัย หัวลาก10W,2.28,5.27,2026-07-19 08:23:25,2026-07-19 14:50:23,6.45,2026-07-19 17:19:39,2026-07-19 21:32:17,2.49,4.21,4.21,0,13.15,13.15,,1,6688.00,1672.00,0.00,0.00,0.00
2026-07-20 00:00:00,2026-07-19 00:00:00,2026-07-20 00:00:00,BigC,71-5042,71-5042 อนันทร์ หัวลาก10W,8.13,10.13,2026-07-19 23:36:45,2026-07-20 02:54:33,3.3,2026-07-20 04:24:13,2026-07-20 11:08:49,1.49,6.74,6.74,0,11.53,11.53,,1,6688.00,0.00,0.00,0.00,3344.00
2026-07-20 00:00:00,2026-07-20 00:00:00,2026-07-20 00:00:00,BigC,71-5042,71-5042 อนันทร์ หัวลาก10W,8.14,10.14,2026-07-20 12:42:28,2026-07-20 21:20:27,8.63,2026-07-20 22:55:06,2026-07-20 23:39:56,1.58,0.75,0.75,0,10.96,10.96,,1,6688.00,0.00,0.00,0.00,0.00
2026-07-20 00:00:00,2026-07-20 00:00:00,2026-07-20 00:00:00,BigC,71-8001,71-8001 มานพ หัวลาก10W,1.25,3.25,2026-07-20 07:52:18,2026-07-20 20:26:41,12.57,2026-07-20 22:29:41,2026-07-20 23:12:32,2.05,0.71,0.71,0,15.34,15.34,,1,6688.00,1672.00,0.00,0.00,0.00
2026-07-19 00:00:00,2026-07-19 00:00:00,2026-07-20 00:00:00,BigC,71-8002,71-8002 สมประสงค์ หัวลาก10W,3.26,4.27,2026-07-19 15:39:17,2026-07-19 22:03:27,6.4,2026-07-20 03:35:28,2026-07-20 04:04:07,5.53,0.48,0.48,0,12.41,12.41,,1,6688.00,0.00,0.00,0.00,0.00
2026-07-20 00:00:00,2026-07-20 00:00:00,2026-07-20 00:00:00,BigC,71-8002,71-8002 สมประสงค์ หัวลาก10W,3.27,4.28,2026-07-20 05:32:45,2026-07-20 09:52:47,4.33,2026-07-20 12:19:24,2026-07-20 16:29:22,2.44,4.17,4.17,0,10.94,10.94,,1,6688.00,1672.00,0.00,0.00,3344.00
2026-07-20 00:00:00,2026-07-20 00:00:00,2026-07-20 00:00:00,BigC,71-8003,71-8003 สมหมาย หัวลาก10W,4.24,2.24,2026-07-20 06:07:18,2026-07-20 19:39:55,13.54,2026-07-20 21:56:34,2026-07-20 22:51:03,2.28,0.91,0.91,0,16.73,16.73,,1,6688.00,1672.00,0.00,0.00,0.00
2026-07-21 00:00:00,2026-07-21 00:00:00,2026-07-21 00:00:00,BigC,71-5042,71-5042 อนันทร์ หัวลาก10W,8.15,10.15,2026-07-21 01:48:16,2026-07-21 06:28:21,4.67,2026-07-21 08:43:51,2026-07-22 04:59:07,2.26,20.25,20.25,0,27.18,27.18,,1,6688.00,1672.00,0.00,0.00,0.00
2026-07-21 00:00:00,2026-07-21 00:00:00,2026-07-21 00:00:00,BigC,71-8001,71-8001 มานพ หัวลาก10W,1.26,3.26,2026-07-21 00:46:20,2026-07-21 04:56:57,4.18,2026-07-21 07:56:12,2026-07-22 03:00:58,2.99,19.08,19.08,0,26.24,26.24,,1,6688.00,1672.00,0.00,0.00,0.00
2026-07-21 00:00:00,2026-07-20 00:00:00,2026-07-21 00:00:00,BigC,71-8002,71-8002 สมประสงค์ หัวลาก10W,3.28,4.29,2026-07-20 18:02:07,2026-07-21 03:32:30,9.51,2026-07-21 06:42:53,2026-07-21 08:38:05,3.17,1.92,1.92,0,14.6,14.6,,1,6688.00,0.00,0.00,0.00,3344.00
2026-07-21 00:00:00,2026-07-21 00:00:00,2026-07-21 00:00:00,BigC,71-8002,71-8002 สมประสงค์ หัวลาก10W,3.29,4.30,2026-07-21 10:39:33,2026-07-21 15:29:48,4.84,2026-07-21 17:23:41,2026-07-21 21:21:02,1.9,3.96,3.96,0,10.69,10.69,,1,6688.00,0.00,0.00,0.00,0.00
2026-07-21 00:00:00,2026-07-21 00:00:00,2026-07-21 00:00:00,BigC,71-8003,71-8003 สมหมาย หัวลาก10W,4.25,2.25,2026-07-21 01:19:04,2026-07-21 05:45:19,4.44,2026-07-21 07:48:40,2026-07-22 02:43:15,2.06,18.91,18.91,0,25.4,25.4,,1,6688.00,1672.00,0.00,0.00,0.00
2026-07-20 00:00:00,2026-07-20 00:00:00,2026-07-21 00:00:00,BigC,71-8009,71-8009 วันชัย หัวลาก10W,2.29,5.28,2026-07-20 17:39:51,2026-07-21 03:24:14,9.74,2026-07-21 04:52:07,2026-07-21 05:41:29,1.46,0.82,0.82,0,12.03,12.03,,1,6688.00,1672.00,0.00,0.00,0.00
2026-07-22 00:00:00,2026-07-21 00:00:00,2026-07-21 00:00:00,BigC,71-8009,71-8009 วันชัย หัวลาก10W,2.30,5.29,2026-07-21 07:12:41,2026-07-21 10:47:40,3.58,2026-07-21 12:56:14,2026-07-22 14:33:33,2.14,25.62,25.62,0,31.35,31.35,,1,6688.00,0.00,6688.00,0.00,0.00
2026-07-22 00:00:00,2026-07-22 00:00:00,2026-07-22 00:00:00,BigC,71-5042,71-5042 อนันทร์ หัวลาก10W,8.16,10.16,2026-07-22 06:21:49,2026-07-22 12:07:16,5.76,2026-07-22 13:53:52,2026-07-22 18:55:40,1.78,5.03,5.03,0,12.56,12.56,,1,6784.00,1696.00,0.00,0.00,0.00
2026-07-22 00:00:00,2026-07-22 00:00:00,2026-07-22 00:00:00,BigC,71-8001,71-8001 มานพ หัวลาก10W,1.27,3.27,2026-07-22 05:18:45,2026-07-22 07:46:08,2.46,2026-07-22 09:46:21,2026-07-22 18:41:33,2,8.92,8.92,0,13.38,13.38,,1,6784.00,0.00,0.00,0.00,3392.00
2026-07-22 00:00:00,2026-07-21 00:00:00,2026-07-22 00:00:00,BigC,71-8002,71-8002 สมประสงค์ หัวลาก10W,3.30,4.31,2026-07-21 23:50:19,2026-07-22 02:19:46,2.49,2026-07-22 04:14:48,2026-07-22 18:18:00,1.92,14.05,14.05,0,18.46,18.46,,1,6688.00,0.00,0.00,0.00,0.00
2026-07-22 00:00:00,2026-07-22 00:00:00,2026-07-22 00:00:00,BigC,71-8003,71-8003 สมหมาย หัวลาก10W,4.26,2.26,2026-07-22 07:12:32,2026-07-22 18:18:22,11.1,2026-07-22 21:26:42,2026-07-22 22:27:34,3.14,1.01,1.01,0,15.25,15.25,,1,6784.00,1696.00,0.00,0.00,0.00
2026-07-22 00:00:00,2026-07-22 00:00:00,2026-07-22 00:00:00,BigC,71-8009,71-8009 วันชัย หัวลาก10W,2.31,5.30,2026-07-22 16:13:49,2026-07-22 22:25:35,6.2,2026-07-22 23:58:47,2026-07-23 01:01:33,1.55,1.05,1.05,0,8.8,8.8,,1,6784.00,0.00,0.00,0.00,0.00
2026-07-23 00:00:00,2026-07-22 00:00:00,2026-07-23 00:00:00,BigC,71-5042,71-5042 อนันทร์ หัวลาก10W,8.17,10.17,2026-07-22 21:43:30,2026-07-23 04:48:42,7.09,2026-07-23 06:23:21,2026-07-23 14:42:19,1.58,8.32,8.32,0,16.98,16.98,,1,6784.00,1696.00,0.00,0.00,3440.00
2026-07-22 00:00:00,2026-07-22 00:00:00,2026-07-23 00:00:00,BigC,71-8001,71-8001 มานพ หัวลาก10W,1.28,3.28,2026-07-22 20:36:29,2026-07-23 00:51:51,4.26,2026-07-23 03:00:29,2026-07-23 03:58:44,2.14,0.97,0.97,0,7.37,7.37,,1,6784.00,0.00,0.00,0.00,0.00
2026-07-22 00:00:00,2026-07-22 00:00:00,2026-07-23 00:00:00,BigC,71-8002,71-8002 สมประสงค์ หัวลาก10W,3.31,4.32,2026-07-22 20:52:37,2026-07-23 02:30:25,5.63,2026-07-23 04:06:50,2026-07-23 04:33:20,1.61,0.44,0.44,0,7.68,7.68,,1,6784.00,0.00,0.00,0.00,0.00
2026-07-24 00:00:00,2026-07-23 00:00:00,2026-07-23 00:00:00,BigC,71-8002,71-8002 สมประสงค์ หัวลาก10W,3.32,4.33,2026-07-23 05:58:42,2026-07-23 14:54:32,8.93,2026-07-23 16:40:47,2026-07-24 19:52:43,1.77,27.2,27.2,0,37.9,37.9,,1,6880.00,1720.00,0.00,0.00,0.00
2026-07-23 00:00:00,2026-07-22 00:00:00,2026-07-23 00:00:00,BigC,71-8003,71-8003 สมหมาย หัวลาก10W,4.27,2.27,2026-07-22 23:44:11,2026-07-23 12:11:31,12.46,2026-07-23 13:40:17,2026-07-24 01:08:57,1.48,11.48,11.48,0,25.41,25.41,,1,6784.00,1696.00,0.00,0.00,0.00
2026-07-24 00:00:00,2026-07-23 00:00:00,2026-07-23 00:00:00,BigC,71-8009,71-8009 วันชัย หัวลาก10W,2.32,5.31,2026-07-23 02:35:30,2026-07-23 12:21:04,9.76,2026-07-23 14:40:20,2026-07-24 14:52:04,2.32,24.2,24.2,0,36.28,36.28,,1,6880.00,1720.00,6880.00,0.00,3440.00
2026-07-24 00:00:00,2026-07-23 00:00:00,2026-07-24 00:00:00,BigC,71-5042,71-5042 อนันทร์ หัวลาก10W,8.18,10.18,2026-07-23 16:30:13,2026-07-23 23:23:45,6.89,2026-07-24 02:12:46,2026-07-25 05:21:37,2.82,27.15,27.15,0,36.86,36.86,,1,6880.00,1720.00,0.00,0.00,0.00
2026-07-25 00:00:00,2026-07-23 00:00:00,2026-07-24 00:00:00,BigC,71-8001,71-8001 มานพ หัวลาก10W,1.29,3.29,2026-07-23 07:44:38,2026-07-23 23:19:58,15.59,2026-07-24 01:16:56,2026-07-25 13:50:52,1.95,36.57,36.57,0,54.1,54.1,,1,6880.00,1720.00,6880.00,0.00,3440.00
2026-07-25 00:00:00,2026-07-24 00:00:00,2026-07-24 00:00:00,BigC,71-8003,71-8003 สมหมาย หัวลาก10W,4.28,2.28,2026-07-24 02:36:23,2026-07-24 04:05:45,1.49,2026-07-24 06:05:44,2026-07-25 14:59:14,2,32.89,32.89,0,36.38,36.38,,1,6880.00,1720.00,6880.00,0.00,0.00
2026-07-25 00:00:00,2026-07-24 00:00:00,2026-07-24 00:00:00,BigC,71-8009,71-8009 วันชัย หัวลาก10W,2.33,5.32,2026-07-24 16:31:08,2026-07-24 20:14:20,3.72,2026-07-24 22:12:30,2026-07-25 22:29:47,1.97,24.29,24.29,0,29.98,29.98,,1,6880.00,1720.00,0.00,0.00,0.00
2026-07-25 00:00:00,2026-07-25 00:00:00,2026-07-25 00:00:00,BigC,71-5042,71-5042 อนันทร์ หัวลาก10W,8.19,10.19,2026-07-25 07:37:17,2026-07-25 11:56:28,4.32,2026-07-25 13:52:42,2026-07-25 22:10:38,1.94,8.3,8.3,0,14.56,14.56,,1,6880.00,1720.00,0.00,0.00,3440.00
2026-07-25 00:00:00,2026-07-24 00:00:00,2026-07-25 00:00:00,BigC,71-8002,71-8002 สมประสงค์ หัวลาก10W,3.33,4.34,2026-07-24 22:52:49,2026-07-25 00:10:27,1.29,2026-07-25 07:26:01,2026-07-25 22:14:40,7.26,14.81,14.81,0,23.36,23.36,,1,6880.00,1720.00,0.00,0.00,0.00
2026-07-26 00:00:00,2026-07-25 00:00:00,2026-07-25 00:00:00,BigC,71-8003,71-8003 สมหมาย หัวลาก10W,4.29,2.29,2026-07-25 17:04:42,2026-07-25 21:21:50,4.29,2026-07-25 23:02:25,2026-07-26 09:22:59,1.68,10.34,10.34,0,16.3,16.3,,1,6880.00,0.00,0.00,0.00,0.00
2026-07-26 00:00:00,2026-07-25 00:00:00,2026-07-26 00:00:00,BigC,71-5042,71-5042 อนันทร์ หัวลาก10W,8.20,10.20,2026-07-25 23:30:20,2026-07-26 06:31:38,7.02,2026-07-26 08:02:42,2026-07-26 09:07:39,1.52,1.08,1.08,0,9.62,9.62,,1,6880.00,0.00,0.00,0.00,0.00
2026-07-26 00:00:00,2026-07-26 00:00:00,2026-07-26 00:00:00,BigC,71-8009,71-8009 วันชัย หัวลาก10W,2.34,5.33,2026-07-26 01:18:54,2026-07-26 11:49:37,10.51,2026-07-26 13:57:26,2026-07-26 14:53:50,2.13,0.94,0.94,0,13.58,13.58,,1,6880.00,1720.00,0.00,0.00,0.00
2026-07-26 00:00:00,2026-07-26 00:00:00,2026-07-27 00:00:00,BigC,71-5042,71-5042 อนันทร์ หัวลาก10W,8.21,10.21,2026-07-26 10:26:22,2026-07-26 19:09:28,8.72,2026-07-27 00:01:53,2026-07-27 04:08:30,4.87,4.11,4.11,0,17.7,17.7,,1,6880.00,0.00,0.00,0.00,0.00
2026-07-27 00:00:00,2026-07-27 00:00:00,2026-07-27 00:00:00,BigC,71-8001,71-8001 มานพ หัวลาก10W,1.32,3.30,2026-07-27 00:58:26,2026-07-27 02:08:30,1.17,2026-07-27 12:47:35,2026-07-27 14:19:26,10.65,1.53,1.53,0,13.35,13.35,ABNORMAL,1,6880.00,1720.00,6880.00,0.00,0.00
2026-07-27 00:00:00,2026-07-27 00:00:00,2026-07-27 00:00:00,BigC,71-8002,71-8002 สมประสงค์ หัวลาก10W,3.36,4.35,2026-07-27 02:52:14,2026-07-27 11:16:08,8.4,2026-07-27 12:58:42,2026-07-27 14:11:16,1.71,1.21,1.21,0,11.32,11.32,,1,6880.00,0.00,0.00,0.00,0.00
2026-07-26 00:00:00,2026-07-26 00:00:00,2026-07-27 00:00:00,BigC,71-8003,71-8003 สมหมาย หัวลาก10W,4.30,2.30,2026-07-26 10:49:42,2026-07-26 19:49:47,9,2026-07-27 00:00:27,2026-07-27 04:57:27,4.18,4.95,4.95,0,18.13,18.13,,1,6880.00,0.00,0.00,0.00,0.00
2026-07-27 00:00:00,2026-07-27 00:00:00,2026-07-27 00:00:00,BigC,71-8009,71-8009 วันชัย หัวลาก10W,2.37,5.34,2026-07-27 06:37:36,2026-07-27 19:32:56,12.92,2026-07-27 21:06:10,2026-07-27 22:14:32,1.55,1.14,1.14,0,15.62,15.62,,1,6880.00,1720.00,0.00,0.00,0.00
2026-07-27 00:00:00,2026-07-27 00:00:00,2026-07-28 00:00:00,BigC,71-5042,71-5042 อนันทร์ หัวลาก10W,8.22,10.22,2026-07-27 05:57:06,2026-07-27 21:37:40,15.68,2026-07-28 01:18:33,2026-07-28 02:07:32,3.68,0.82,0.82,0,20.17,20.17,,1,6880.00,1720.00,0.00,0.00,3440.00
2026-07-28 00:00:00,2026-07-27 00:00:00,2026-07-28 00:00:00,BigC,71-8001,71-8001 มานพ หัวลาก10W,1.33,3.31,2026-07-27 17:52:47,2026-07-28 02:29:59,8.62,2026-07-28 05:36:34,2026-07-28 08:55:01,3.11,3.31,3.31,0,15.04,15.04,,1,6880.00,0.00,0.00,0.00,0.00
2026-07-28 00:00:00,2026-07-28 00:00:00,2026-07-28 00:00:00,BigC,71-8001,71-8001 มานพ หัวลาก10W,1.34,3.32,2026-07-28 10:28:58,2026-07-28 15:50:43,5.36,2026-07-28 18:10:56,2026-07-28 19:23:31,2.34,1.21,1.21,0,8.91,8.91,,1,6880.00,0.00,0.00,0.00,0.00
2026-07-27 00:00:00,2026-07-27 00:00:00,2026-07-28 00:00:00,BigC,71-8002,71-8002 สมประสงค์ หัวลาก10W,3.37,4.36,2026-07-27 15:57:21,2026-07-28 01:52:27,9.92,2026-07-28 04:17:33,2026-07-28 04:45:21,2.42,0.46,0.46,0,12.8,12.8,,1,6880.00,0.00,0.00,0.00,0.00
2026-07-28 00:00:00,2026-07-28 00:00:00,2026-07-28 00:00:00,BigC,71-8002,71-8002 สมประสงค์ หัวลาก10W,3.38,4.37,2026-07-28 06:15:36,2026-07-28 14:24:12,8.14,2026-07-28 15:56:43,2026-07-28 16:29:51,1.54,0.55,0.55,0,10.24,10.24,,1,6880.00,0.00,0.00,0.00,0.00
2026-07-28 00:00:00,2026-07-28 00:00:00,2026-07-28 00:00:00,BigC,71-8002,71-8002 สมประสงค์ หัวลาก10W,3.39,4.38,2026-07-28 17:59:04,2026-07-28 18:55:22,0.94,2026-07-28 20:46:01,2026-07-28 21:33:59,1.84,0.8,0.8,0,3.58,3.58,,1,6880.00,0.00,0.00,0.00,0.00
2026-07-28 00:00:00,2026-07-27 00:00:00,2026-07-28 00:00:00,BigC,71-8003,71-8003 สมหมาย หัวลาก10W,4.31,2.31,2026-07-27 23:39:04,2026-07-28 04:35:43,4.94,2026-07-28 06:19:00,2026-07-28 09:09:28,1.72,2.84,2.84,0,9.51,9.51,,1,6880.00,0.00,0.00,0.00,0.00
2026-07-28 00:00:00,2026-07-28 00:00:00,2026-07-28 00:00:00,BigC,71-8003,71-8003 สมหมาย หัวลาก10W,4.32,2.32,2026-07-28 14:08:39,2026-07-28 18:07:15,3.98,2026-07-28 19:47:02,2026-07-28 21:39:13,1.66,1.87,1.87,0,7.51,7.51,,1,6880.00,0.00,0.00,0.00,0.00
2026-07-28 00:00:00,2026-07-27 00:00:00,2026-07-28 00:00:00,BigC,71-8009,71-8009 วันชัย หัวลาก10W,2.38,5.35,2026-07-27 23:53:18,2026-07-28 04:45:11,4.86,2026-07-28 08:36:08,2026-07-28 09:31:12,3.85,0.92,0.92,0,9.63,9.63,,1,6880.00,0.00,0.00,0.00,0.00
2026-07-28 00:00:00,2026-07-28 00:00:00,2026-07-28 00:00:00,BigC,71-8009,71-8009 วันชัย หัวลาก10W,2.39,5.36,2026-07-28 11:10:32,2026-07-28 16:53:27,5.72,2026-07-28 18:23:21,2026-07-28 19:49:11,1.5,1.43,1.43,0,8.64,8.64,,1,6880.00,0.00,0.00,0.00,0.00
2026-07-29 00:00:00,2026-07-29 00:00:00,2026-07-29 00:00:00,BigC,71-5042,71-5042 อนันทร์ หัวลาก10W,8.23,10.23,2026-07-29 07:28:38,2026-07-29 09:45:52,2.29,2026-07-29 11:11:33,2026-07-29 12:45:39,1.43,1.57,1.57,0,5.28,5.28,,1,6880.00,1720.00,0.00,0.00,0.00
2026-07-30 00:00:00,2026-07-29 00:00:00,2026-07-29 00:00:00,BigC,71-5042,71-5042 อนันทร์ หัวลาก10W,8.24,10.24,2026-07-29 14:17:18,2026-07-29 15:51:31,1.57,2026-07-29 18:27:57,2026-07-30 16:18:32,2.61,21.84,21.84,0,26.02,26.02,,1,6880.00,1720.00,0.00,0.00,0.00
2026-07-29 00:00:00,2026-07-28 00:00:00,2026-07-29 00:00:00,BigC,71-8001,71-8001 มานพ หัวลาก10W,1.35,3.33,2026-07-28 20:51:07,2026-07-28 23:31:41,2.68,2026-07-29 05:17:18,2026-07-29 07:49:36,5.76,2.54,2.54,0,10.97,10.97,,1,6880.00,0.00,0.00,0.00,0.00
2026-07-29 00:00:00,2026-07-29 00:00:00,2026-07-29 00:00:00,BigC,71-8001,71-8001 มานพ หัวลาก10W,1.36,3.34,2026-07-29 09:38:54,2026-07-29 13:53:34,4.24,2026-07-29 16:31:02,2026-07-30 00:24:23,2.62,7.89,7.89,0,14.76,14.76,,1,6880.00,0.00,0.00,0.00,0.00
2026-07-29 00:00:00,2026-07-28 00:00:00,2026-07-29 00:00:00,BigC,71-8002,71-8002 สมประสงค์ หัวลาก10W,3.40,4.39,2026-07-28 23:59:28,2026-07-29 03:51:25,3.87,2026-07-29 08:33:47,2026-07-29 11:06:40,4.71,2.55,2.55,0,11.12,11.12,,1,6880.00,0.00,0.00,0.00,0.00
2026-07-29 00:00:00,2026-07-29 00:00:00,2026-07-29 00:00:00,BigC,71-8002,71-8002 สมประสงค์ หัวลาก10W,3.41,4.40,2026-07-29 12:31:06,2026-07-29 14:40:04,2.15,2026-07-29 16:27:12,2026-07-30 00:04:38,1.79,7.62,7.62,0,11.56,11.56,,1,6880.00,0.00,0.00,0.00,0.00
2026-07-29 00:00:00,2026-07-28 00:00:00,2026-07-29 00:00:00,BigC,71-8003,71-8003 สมหมาย หัวลาก10W,4.33,2.33,2026-07-28 23:00:22,2026-07-29 03:31:20,4.52,2026-07-29 05:06:52,2026-07-29 08:06:53,1.59,3,3,0,9.11,9.11,,1,6880.00,1720.00,0.00,0.00,0.00
2026-07-30 00:00:00,2026-07-29 00:00:00,2026-07-29 00:00:00,BigC,71-8003,71-8003 สมหมาย หัวลาก10W,4.34,2.34,2026-07-29 16:38:04,2026-07-29 19:15:23,2.62,2026-07-29 20:51:45,2026-07-30 11:53:16,1.61,15.03,15.03,0,19.25,19.25,,1,6880.00,1720.00,0.00,0.00,0.00
2026-07-28 00:00:00,2026-07-28 00:00:00,2026-07-29 00:00:00,BigC,71-8009,71-8009 วันชัย หัวลาก10W,2.40,5.37,2026-07-28 21:26:20,2026-07-29 01:45:08,4.31,2026-07-29 03:46:30,2026-07-29 04:31:17,2.02,0.75,0.75,0,7.08,7.08,,1,6880.00,0.00,0.00,0.00,0.00
2026-07-29 00:00:00,2026-07-29 00:00:00,2026-07-29 00:00:00,BigC,71-8009,71-8009 วันชัย หัวลาก10W,2.41,5.38,2026-07-29 06:16:54,2026-07-29 07:54:28,1.63,2026-07-29 09:29:16,2026-07-29 11:32:00,1.58,2.05,2.05,0,5.25,5.25,,1,6880.00,1720.00,0.00,0.00,0.00
2026-07-30 00:00:00,2026-07-29 00:00:00,2026-07-29 00:00:00,BigC,71-8009,71-8009 วันชัย หัวลาก10W,2.42,5.39,2026-07-29 13:18:40,2026-07-29 15:09:46,1.85,2026-07-29 18:05:01,2026-07-30 12:26:24,2.92,18.36,18.36,0,23.13,23.13,,1,6880.00,1720.00,0.00,0.00,0.00
2026-07-30 00:00:00,2026-07-30 00:00:00,2026-07-30 00:00:00,BigC,71-8001,71-8001 มานพ หัวลาก10W,1.37,3.35,2026-07-30 05:29:25,2026-07-30 12:20:52,6.86,2026-07-30 15:07:49,2026-07-31 03:24:55,2.78,12.29,12.29,0,21.93,21.93,,1,6880.00,1720.00,0.00,0.00,0.00
2026-07-30 00:00:00,2026-07-30 00:00:00,2026-07-30 00:00:00,BigC,71-8002,71-8002 สมประสงค์ หัวลาก10W,3.42,4.41,2026-07-30 02:14:32,2026-07-30 05:10:55,2.94,2026-07-30 06:55:29,2026-07-30 16:11:29,1.74,9.27,9.27,0,13.95,13.95,,1,6880.00,1720.00,0.00,0.00,0.00
2026-07-31 00:00:00,2026-07-30 00:00:00,2026-07-30 00:00:00,BigC,71-8003,71-8003 สมหมาย หัวลาก10W,4.35,2.35,2026-07-30 14:43:27,2026-07-30 21:37:48,6.91,2026-07-30 23:16:06,2026-07-31 23:35:50,1.64,24.33,24.33,0,32.87,32.87,,1,6880.00,1720.00,0.00,0.00,0.00
2026-07-31 00:00:00,2026-07-30 00:00:00,2026-07-30 00:00:00,BigC,71-8009,71-8009 วันชัย หัวลาก10W,2.43,5.40,2026-07-30 14:25:18,2026-07-30 20:53:03,6.46,2026-07-30 22:33:03,2026-07-31 18:23:20,1.67,19.84,19.84,0,27.97,27.97,,1,6880.00,1720.00,0.00,0.00,0.00
2026-07-31 00:00:00,2026-07-30 00:00:00,2026-07-31 00:00:00,BigC,71-5042,71-5042 อนันทร์ หัวลาก10W,8.25,10.25,2026-07-30 19:13:51,2026-07-30 23:35:18,4.36,2026-07-31 01:06:58,2026-07-31 23:19:01,1.53,22.2,22.2,0,28.09,28.09,,1,6880.00,1720.00,0.00,0.00,0.00
2026-07-31 00:00:00,2026-07-31 00:00:00,2026-07-31 00:00:00,BigC,71-8001,71-8001 มานพ หัวลาก10W,1.38,3.36,2026-07-31 07:18:40,2026-07-31 12:59:08,5.67,2026-07-31 16:10:00,2026-07-31 23:30:37,3.18,7.34,7.34,0,16.2,16.2,,1,6880.00,1720.00,0.00,0.00,3440.00
2026-07-31 00:00:00,2026-07-30 00:00:00,2026-07-31 00:00:00,BigC,71-8002,71-8002 สมประสงค์ หัวลาก10W,3.43,4.42,2026-07-30 17:46:05,2026-07-30 23:24:11,5.63,2026-07-31 09:41:51,2026-07-31 22:08:18,10.29,12.44,12.44,0,28.37,28.37,ABNORMAL,1,6880.00,1720.00,0.00,0.00,0.00
